,id,headshot,firstName,lastName,sweaterNumber,positionCode,shootsCatches,heightInInches,weightInPounds,heightInCentimeters,weightInKilograms,birthDate,birthCity,birthCountry,birthStateProvince
0,8484145,https://assets.nhle.com/mugs/nhl/20232024/BUF/8484145.png,{'default': 'Zach'},{'default': 'Benson'},9.0,L,L,70,170,178,77,2005-05-12,{'default': 'Chilliwack'},CAN,"{'default': 'British Columbia', 'fr': 'Colombie-Britannique', 'sk': 'Britská Kolumbia'}"
1,8481528,https://assets.nhle.com/mugs/nhl/20232024/BUF/8481528.png,{'default': 'Dylan'},{'default': 'Cozens'},24.0,C,R,75,195,191,88,2001-02-09,{'default': 'Whitehorse'},CAN,"{'default': 'Yukon Territory', 'fr': 'Yukon', 'sk': 'Teritórium Yukon'}"
2,8476878,https://assets.nhle.com/mugs/nhl/20232024/BUF/8476878.png,{'default': 'Zemgus'},{'default': 'Girgensons'},28.0,L,L,74,200,188,91,1994-01-05,"{'default': 'Riga', 'fi': 'Riika'}",LVA,
3,8478413,https://assets.nhle.com/mugs/nhl/20232024/BUF/8478413.png,{'default': 'Jordan'},{'default': 'Greenway'},12.0,L,L,78,231,198,105,1997-02-16,{'default': 'Canton'},USA,{'default': 'New York'}
4,8481522,https://assets.nhle.com/mugs/nhl/20232024/BUF/8481522.png,{'default': 'Peyton'},{'default': 'Krebs'},19.0,C,L,72,186,183,84,2001-01-26,{'default': 'Calgary'},CAN,{'default': 'Alberta'}
5,8479999,https://assets.nhle.com/mugs/nhl/20232024/BUF/8479999.png,{'default': 'Casey'},{'default': 'Mittelstadt'},37.0,C,L,73,195,185,88,1998-11-22,{'default': 'Eden Prairie'},USA,{'default': 'Minnesota'}
6,8473449,https://assets.nhle.com/mugs/nhl/20232024/BUF/8473449.png,{'default': 'Kyle'},{'default': 'Okposo'},21.0,R,R,72,216,183,98,1988-04-16,{'default': 'St. Paul'},USA,{'default': 'Minnesota'}
7,8478109,https://assets.nhle.com/mugs/nhl/20232024/BUF/8478109.png,{'default': 'Victor'},{'default': 'Olofsson'},71.0,L,L,71,182,180,83,1995-07-18,"{'default': 'Ornskoldsvik', 'sv': 'Örnsköldsvik'}",SWE,
8,8482175,https://assets.nhle.com/mugs/nhl/20232024/BUF/8482175.png,{'default': 'JJ'},{'default': 'Peterka'},77.0,R,L,72,189,183,86,2002-01-14,"{'default': 'Munich', 'cs': 'Mnichov', 'de': 'München', 'fi': 'München', 'sk': 'Mnichov', 'sv': 'München'}",DEU,
9,8482097,https://assets.nhle.com/mugs/nhl/20232024/BUF/8482097.png,{'default': 'Jack'},{'default': 'Quinn'},22.0,R,R,73,185,185,84,2001-09-19,{'default': 'Ottawa'},CAN,{'default': 'Ontario'}
10,8480762,https://assets.nhle.com/mugs/nhl/20232024/BUF/8480762.png,{'default': 'Eric'},{'default': 'Robinson'},,L,L,74,211,188,96,1995-06-14,{'default': 'Bellmawr'},USA,{'default': 'New Jersey'}
11,8475784,https://assets.nhle.com/mugs/nhl/20232024/BUF/8475784.png,{'default': 'Jeff'},{'default': 'Skinner'},53.0,L,L,71,200,180,91,1992-05-16,{'default': 'Toronto'},CAN,{'default': 'Ontario'}
12,8479420,https://assets.nhle.com/mugs/nhl/20232024/BUF/8479420.png,{'default': 'Tage'},{'default': 'Thompson'},72.0,C,R,78,220,198,100,1997-10-30,{'default': 'Phoenix'},USA,{'default': 'Arizona'}
13,8477949,https://assets.nhle.com/mugs/nhl/20232024/BUF/8477949.png,{'default': 'Alex'},{'default': 'Tuch'},89.0,R,R,76,215,193,98,1996-05-10,{'default': 'Syracuse'},USA,{'default': 'New York'}
0,8478020,https://assets.nhle.com/mugs/nhl/20232024/VGK/8478020.png,{'default': 'Michael'},{'default': 'Amadio'},22.0,R,R,73,200,185,91,1996-05-13,"{'default': 'Sault Ste. Marie', 'fr': 'Sault-Sainte-Marie'}",CAN,{'default': 'Ontario'}
1,8477964,https://assets.nhle.com/mugs/nhl/20232024/VGK/8477964.png,{'default': 'Ivan'},"{'default': 'Barbashev', 'cs': 'Barbašev', 'sk': 'Barbašev'}",49.0,C,L,72,198,183,90,1995-12-14,"{'default': 'Moscow', 'cs': 'Moskva', 'de': 'Moskau', 'fi': 'Moskova', 'fr': 'Moscou', 'sk': 'Moskva', 'sv': 'Moskva'}",RUS,
2,8482153,https://assets.nhle.com/mugs/nhl/20232024/VGK/8482153.png,{'default': 'Brendan'},{'default': 'Brisson'},19.0,C,L,72,191,183,87,2001-10-22,{'default': 'Los Angeles'},USA,"{'default': 'California', 'fr': 'Californie', 'sk': 'Kalifornia', 'sv': 'Kalifornien'}"
3,8477478,https://assets.nhle.com/mugs/nhl/20232024/VGK/8477478.png,{'default': 'William'},{'default': 'Carrier'},28.0,L,L,74,220,188,100,1994-12-20,{'default': 'LaSalle'},CAN,"{'default': 'Quebec', 'fr': 'Québec'}"
4,8481032,https://assets.nhle.com/mugs/nhl/20232024/VGK/8481032.png,{'default': 'Paul'},{'default': 'Cotter'},43.0,C,L,74,213,188,97,1999-11-16,{'default': 'Canton'},USA,{'default': 'Michigan'}
5,8481604,https://assets.nhle.com/mugs/nhl/20232024/VGK/8481604.png,{'default': 'Pavel'},{'default': 'Dorofeyev'},16.0,L,L,73,194,185,88,2000-10-26,"{'default': 'Nizhny Tagil', 'cs': 'Nižnyj Tagil', 'fi': 'Nižni Tagil', 'sk': 'Nižnyj Tagil'}",RUS,
6,8478403,https://assets.nhle.com/mugs/nhl/20232024/VGK/8478403.png,{'default': 'Jack'},{'default': 'Eichel'},9.0,C,R,74,203,188,92,1996-10-28,{'default': 'North Chelmsford'},USA,{'default': 'Massachusetts'}
7,8475278,https://assets.nhle.com/mugs/nhl/20232024/VGK/8475278.png,{'default': 'Byron'},{'default': 'Froese'},51.0,C,R,72,195,183,88,1991-03-12,{'default': 'Winkler'},CAN,{'default': 'Manitoba'}
8,8479353,https://assets.nhle.com/mugs/nhl/20232024/VGK/8479353.png,{'default': 'Brett'},{'default': 'Howden'},21.0,C,L,74,200,188,91,1998-03-29,{'default': 'Calgary'},CAN,{'default': 'Alberta'}
9,8476448,https://assets.nhle.com/mugs/nhl/20232024/VGK/8476448.png,{'default': 'William'},{'default': 'Karlsson'},71.0,C,L,72,190,183,86,1993-01-08,"{'default': 'Marsta', 'fi': 'Märsta', 'sv': 'Märsta'}",SWE,
10,8478434,https://assets.nhle.com/mugs/nhl/20232024/VGK/8478434.png,{'default': 'Keegan'},{'default': 'Kolesar'},55.0,R,R,74,216,188,98,1997-04-08,{'default': 'Brandon'},CAN,{'default': 'Manitoba'}
11,8476539,https://assets.nhle.com/mugs/nhl/20232024/VGK/8476539.png,{'default': 'Jonathan'},{'default': 'Marchessault'},81.0,R,R,69,185,175,84,1990-12-27,{'default': 'Cap-Rouge'},CAN,"{'default': 'Quebec', 'fr': 'Québec'}"
12,8480776,https://assets.nhle.com/mugs/nhl/20232024/VGK/8480776.png,{'default': 'Sheldon'},{'default': 'Rempal'},56.0,R,R,71,173,180,78,1995-08-07,{'default': 'Calgary'},CAN,{'default': 'Alberta'}
13,8480007,https://assets.nhle.com/mugs/nhl/20232024/VGK/8480007.png,{'default': 'Jonas'},"{'default': 'Rondbjerg', 'cs': 'Röndbjerg', 'sk': 'Röndbjerg'}",46.0,R,L,74,202,188,92,1999-03-31,{'default': 'Horsholm'},DNK,
14,8478462,https://assets.nhle.com/mugs/nhl/20232024/VGK/8478462.png,{'default': 'Nicolas'},{'default': 'Roy'},10.0,C,R,76,202,193,92,1997-02-05,{'default': 'Amos'},CAN,"{'default': 'Quebec', 'fr': 'Québec'}"
15,8476905,https://assets.nhle.com/mugs/nhl/20232024/VGK/8476905.png,{'default': 'Chandler'},{'default': 'Stephenson'},20.0,C,L,72,209,183,95,1994-04-22,{'default': 'Saskatoon'},CAN,{'default': 'Saskatchewan'}
16,8475913,https://assets.nhle.com/mugs/nhl/20232024/VGK/8475913.png,{'default': 'Mark'},{'default': 'Stone'},61.0,R,R,75,212,191,96,1992-05-13,{'default': 'Winnipeg'},CAN,{'default': 'Manitoba'}
0,8477503,https://assets.nhle.com/mugs/nhl/20232024/TOR/8477503.png,{'default': 'Max'},{'default': 'Domi'},11.0,C,L,70,208,178,94,1995-03-02,{'default': 'Winnipeg'},CAN,{'default': 'Manitoba'}
1,8479393,https://assets.nhle.com/mugs/nhl/20232024/TOR/8479393.png,{'default': 'Noah'},{'default': 'Gregor'},18.0,C,L,72,192,183,87,1998-07-28,{'default': 'Beaumont'},CAN,{'default': 'Alberta'}
2,8480995,https://assets.nhle.com/mugs/nhl/20232024/TOR/8480995.png,{'default': 'Pontus'},{'default': 'Holmberg'},29.0,R,L,72,188,183,85,1999-03-09,"{'default': 'Vasteras', 'fi': 'Västerås', 'sv': 'Västerås'}",SWE,
3,8475714,https://assets.nhle.com/mugs/nhl/20232024/TOR/8475714.png,{'default': 'Calle'},"{'default': 'Jarnkrok', 'cs': 'Järnkrok', 'fi': 'Järnkrok', 'sk': 'Järnkrok'}",19.0,C,R,72,190,183,86,1991-09-25,{'default': 'Gavle'},SWE,
4,8480144,https://assets.nhle.com/mugs/nhl/20232024/TOR/8480144.png,{'default': 'David'},"{'default': 'Kampf', 'cs': 'Kämpf', 'fi': 'Kämpf', 'sk': 'Kämpf'}",64.0,C,L,74,190,188,86,1995-01-12,{'default': 'Chomutov'},CZE,
5,8482720,https://assets.nhle.com/mugs/nhl/20232024/TOR/8482720.png,{'default': 'Matthew'},{'default': 'Knies'},23.0,L,L,75,217,191,98,2002-10-17,{'default': 'Phoenix'},USA,{'default': 'Arizona'}
6,8478483,https://assets.nhle.com/mugs/nhl/20232024/TOR/8478483.png,{'default': 'Mitchell'},{'default': 'Marner'},16.0,R,R,72,180,183,82,1997-05-05,{'default': 'Markham'},CAN,{'default': 'Ontario'}
7,8479318,https://assets.nhle.com/mugs/nhl/20232024/TOR/8479318.png,{'default': 'Auston'},{'default': 'Matthews'},34.0,C,L,75,215,191,98,1997-09-17,{'default': 'San Ramon'},USA,"{'default': 'California', 'fr': 'Californie', 'sk': 'Kalifornia', 'sv': 'Kalifornien'}"
8,8482259,https://assets.nhle.com/mugs/nhl/20232024/TOR/8482259.png,{'default': 'Bobby'},{'default': 'McMann'},74.0,C,L,74,210,188,95,1996-06-15,{'default': 'Wainwright'},CAN,{'default': 'Alberta'}
9,8477939,https://assets.nhle.com/mugs/nhl/20232024/TOR/8477939.png,{'default': 'William'},{'default': 'Nylander'},88.0,R,R,72,202,183,92,1996-05-01,{'default': 'Calgary'},CAN,{'default': 'Alberta'}
10,8471817,https://assets.nhle.com/mugs/nhl/20232024/TOR/8471817.png,{'default': 'Ryan'},{'default': 'Reaves'},75.0,R,R,74,226,188,103,1987-01-20,{'default': 'Winnipeg'},CAN,{'default': 'Manitoba'}
11,8481582,https://assets.nhle.com/mugs/nhl/20232024/TOR/8481582.png,{'default': 'Nicholas'},{'default': 'Robertson'},89.0,L,L,69,178,175,81,2001-09-11,{'default': 'Pasadena'},USA,"{'default': 'California', 'fr': 'Californie', 'sk': 'Kalifornia', 'sv': 'Kalifornien'}"
12,8475166,https://assets.nhle.com/mugs/nhl/20232024/TOR/8475166.png,{'default': 'John'},{'default': 'Tavares'},91.0,C,L,73,211,185,96,1990-09-20,{'default': 'Mississauga'},CAN,{'default': 'Ontario'}
0,8484153,https://assets.nhle.com/mugs/nhl/20232024/ANA/8484153.png,{'default': 'Leo'},{'default': 'Carlsson'},91.0,C,L,75,194,191,88,2004-12-26,{'default': 'Karlstad'},SWE,
1,8475842,https://assets.nhle.com/mugs/nhl/20232024/ANA/8475842.png,{'default': 'Sam'},{'default': 'Carrick'},39.0,C,R,72,200,183,91,1992-02-04,{'default': 'Markham'},CAN,{'default': 'Ontario'}
2,8480870,https://assets.nhle.com/mugs/nhl/20232024/ANA/8480870.png,"{'default': 'Bo', 'cs': 'Benoit-Olivier', 'de': 'Benoit-Olivier', 'es': 'Benoit-Olivier', 'fi': 'Benoit-Olivier', 'sk': 'Benoit-Olivier', 'sv': 'Benoit-Olivier'}",{'default': 'Groulx'},24.0,C,L,74,198,188,90,2000-02-06,{'default': 'Rouen'},FRA,
3,8474641,https://assets.nhle.com/mugs/nhl/20232024/ANA/8474641.png,{'default': 'Adam'},{'default': 'Henrique'},14.0,C,L,72,195,183,88,1990-02-06,{'default': 'Brantford'},CAN,{'default': 'Ontario'}
4,8477527,https://assets.nhle.com/mugs/nhl/20232024/ANA/8477527.png,{'default': 'Ross'},{'default': 'Johnston'},44.0,L,L,77,234,196,106,1994-02-18,{'default': 'Charlottetown'},CAN,"{'default': 'Prince Edward Island', 'fr': 'Île du Prince-Édouard ', 'sk': 'Ostrov Princa Edwarda'}"
5,8479368,https://assets.nhle.com/mugs/nhl/20232024/ANA/8479368.png,{'default': 'Max'},{'default': 'Jones'},49.0,L,L,75,216,191,98,1998-02-17,{'default': 'Rochester'},USA,{'default': 'Michigan'}
6,8473986,https://assets.nhle.com/mugs/nhl/20232024/ANA/8473986.png,{'default': 'Alex'},{'default': 'Killorn'},17.0,L,L,73,194,185,88,1989-09-14,{'default': 'Halifax'},CAN,"{'default': 'Nova Scotia', 'fr': 'Nouvelle-Écosse'}"
7,8481517,https://assets.nhle.com/mugs/nhl/20232024/ANA/8481517.png,{'default': 'Brett'},{'default': 'Leason'},20.0,R,R,77,218,196,99,1999-04-30,{'default': 'Calgary'},CAN,{'default': 'Alberta'}
8,8480806,https://assets.nhle.com/mugs/nhl/20232024/ANA/8480806.png,{'default': 'Isac'},"{'default': 'Lundestrom', 'cs': 'Lundeström', 'sk': 'Lundeström'}",21.0,C,L,72,193,183,88,1999-11-06,"{'default': 'Gallivare', 'fi': 'Jällivaara', 'sv': 'Gällivare'}",SWE,
9,8476934,https://assets.nhle.com/mugs/nhl/20232024/ANA/8476934.png,{'default': 'Brock'},{'default': 'McGinn'},26.0,L,L,72,187,183,85,1994-02-02,{'default': 'Fergus'},CAN,{'default': 'Ontario'}
10,8482745,https://assets.nhle.com/mugs/nhl/20232024/ANA/8482745.png,{'default': 'Mason'},{'default': 'McTavish'},23.0,C,L,72,213,183,97,2003-01-30,{'default': 'Zurich'},CHE,
11,8475164,https://assets.nhle.com/mugs/nhl/20232024/ANA/8475164.png,{'default': 'Jakob'},{'default': 'Silfverberg'},33.0,R,R,73,207,185,94,1990-10-13,{'default': 'Gavle'},SWE,
12,8476458,https://assets.nhle.com/mugs/nhl/20232024/ANA/8476458.png,{'default': 'Ryan'},{'default': 'Strome'},16.0,C,R,73,191,185,87,1993-07-11,{'default': 'Mississauga'},CAN,{'default': 'Ontario'}
13,8478873,https://assets.nhle.com/mugs/nhl/20232024/ANA/8478873.png,{'default': 'Troy'},{'default': 'Terry'},19.0,R,R,72,185,183,84,1997-09-10,{'default': 'Denver'},USA,{'default': 'Colorado'}
14,8478366,https://assets.nhle.com/mugs/nhl/20232024/ANA/8478366.png,{'default': 'Frank'},{'default': 'Vatrano'},77.0,R,L,71,197,180,89,1994-03-14,{'default': 'East Longmeadow'},USA,{'default': 'Massachusetts'}
15,8481533,https://assets.nhle.com/mugs/nhl/20232024/ANA/8481533.png,{'default': 'Trevor'},{'default': 'Zegras'},11.0,C,L,72,185,183,84,2001-03-20,{'default': 'Bedford'},USA,{'default': 'New York'}
0,8482496,https://assets.nhle.com/mugs/nhl/20232024/VAN/8482496.png,{'default': 'Nils'},{'default': 'Aman'},88.0,C,L,74,179,188,81,2000-02-07,{'default': 'Avesta'},SWE,
1,8476927,https://assets.nhle.com/mugs/nhl/20232024/VAN/8476927.png,"{'default': 'Teddy', 'cs': 'Theodors', 'sk': 'Theodors'}","{'default': 'Blueger', 'cs': 'Blugers', 'sk': 'Blugers'}",53.0,C,L,72,185,183,84,1994-08-15,"{'default': 'Riga', 'fi': 'Riika'}",LVA,
2,8478444,https://assets.nhle.com/mugs/nhl/20232024/VAN/8478444.png,{'default': 'Brock'},{'default': 'Boeser'},6.0,R,R,73,208,185,94,1997-02-25,{'default': 'Burnsville'},USA,{'default': 'Minnesota'}
3,8476858,https://assets.nhle.com/mugs/nhl/20232024/VAN/8476858.png,{'default': 'Phillip'},{'default': 'Di Giuseppe'},34.0,L,L,72,193,183,88,1993-10-09,{'default': 'Toronto'},CAN,{'default': 'Ontario'}
4,8478856,https://assets.nhle.com/mugs/nhl/20232024/VAN/8478856.png,{'default': 'Conor'},{'default': 'Garland'},8.0,R,R,70,165,178,75,1996-03-11,{'default': 'Scituate'},USA,{'default': 'Massachusetts'}
5,8481535,https://assets.nhle.com/mugs/nhl/20232024/VAN/8481535.png,{'default': 'Nils'},{'default': 'Hoglander'},21.0,L,L,69,185,175,84,2000-12-20,{'default': 'BOCKTRäSK'},SWE,
6,8478057,https://assets.nhle.com/mugs/nhl/20232024/VAN/8478057.png,{'default': 'Dakota'},{'default': 'Joshua'},81.0,C,L,75,206,191,93,1996-05-15,{'default': 'Dearborn'},USA,{'default': 'Michigan'}
7,8481024,https://assets.nhle.com/mugs/nhl/20232024/VAN/8481024.png,{'default': 'Linus'},{'default': 'Karlsson'},94.0,C,R,73,178,185,81,1999-11-16,{'default': 'Eksjö'},SWE,
8,8483808,https://assets.nhle.com/mugs/nhl/20232024/VAN/8483808.png,{'default': 'Andrei'},{'default': 'Kuzmenko'},96.0,L,R,71,194,180,88,1996-02-04,{'default': 'Yakutsk'},RUS,
9,8478043,https://assets.nhle.com/mugs/nhl/20232024/VAN/8478043.png,{'default': 'Sam'},{'default': 'Lafferty'},18.0,C,R,74,205,188,93,1995-03-06,{'default': 'Hollidaysburg'},USA,"{'default': 'Pennsylvania', 'fr': 'Pennsylvanie'}"
10,8481624,https://assets.nhle.com/mugs/nhl/20232024/VAN/8481624.png,"{'default': 'Ilya', 'cs': 'Ilja', 'fi': 'Ilja', 'sk': 'Iľja'}","{'default': 'Mikheyev', 'cs': 'Michejev', 'fi': 'Mihejev', 'sk': 'Michejev'}",65.0,R,L,74,192,188,87,1994-10-10,{'default': 'Omsk'},RUS,
11,8476468,https://assets.nhle.com/mugs/nhl/20232024/VAN/8476468.png,{'default': 'J.T.'},{'default': 'Miller'},9.0,C,L,73,218,185,99,1993-03-14,{'default': 'East Palestine'},USA,{'default': 'Ohio'}
12,8480012,https://assets.nhle.com/mugs/nhl/20232024/VAN/8480012.png,{'default': 'Elias'},{'default': 'Pettersson'},40.0,C,L,74,176,188,80,1998-11-12,{'default': 'Sundsvall'},SWE,
13,8480459,https://assets.nhle.com/mugs/nhl/20232024/VAN/8480459.png,{'default': 'Pius'},{'default': 'Suter'},24.0,C,L,71,179,180,81,1996-05-24,{'default': 'Zurich'},CHE,
0,8474009,https://assets.nhle.com/mugs/nhl/20232024/NYR/8474009.png,{'default': 'Nick'},{'default': 'Bonino'},12.0,C,L,73,198,185,90,1988-04-20,{'default': 'Hartford'},USA,{'default': 'Connecticut'}
1,8477380,https://assets.nhle.com/mugs/nhl/20232024/NYR/8477380.png,{'default': 'Jonny'},{'default': 'Brodzinski'},22.0,C,R,72,204,183,93,1993-06-19,{'default': 'Ham Lake'},USA,{'default': 'Minnesota'}
2,8480078,https://assets.nhle.com/mugs/nhl/20232024/NYR/8480078.png,{'default': 'Filip'},{'default': 'Chytil'},72.0,C,L,74,208,188,94,1999-09-05,{'default': 'Kromeriz'},CZE,
3,8482157,https://assets.nhle.com/mugs/nhl/20232024/NYR/8482157.png,{'default': 'Will'},{'default': 'Cuylle'},50.0,L,L,75,210,191,95,2002-02-05,{'default': 'Toronto'},CAN,{'default': 'Ontario'}
4,8476624,https://assets.nhle.com/mugs/nhl/20232024/NYR/8476624.png,{'default': 'Barclay'},{'default': 'Goodrow'},21.0,C,L,74,209,188,95,1993-02-26,{'default': 'Toronto'},CAN,{'default': 'Ontario'}
5,8481554,https://assets.nhle.com/mugs/nhl/20232024/NYR/8481554.png,{'default': 'Kaapo'},{'default': 'Kakko'},24.0,R,L,74,205,188,93,2001-02-13,"{'default': 'Turku', 'sv': 'Åbo'}",FIN,
6,8475184,https://assets.nhle.com/mugs/nhl/20232024/NYR/8475184.png,{'default': 'Chris'},{'default': 'Kreider'},20.0,L,L,75,233,191,106,1991-04-30,{'default': 'Boxford'},USA,{'default': 'Massachusetts'}
7,8482109,https://assets.nhle.com/mugs/nhl/20232024/NYR/8482109.png,{'default': 'Alexis'},{'default': 'Lafrenière'},13.0,L,L,73,194,185,88,2001-10-11,{'default': 'St-Eustache'},CAN,"{'default': 'Quebec', 'fr': 'Québec'}"
8,8479991,https://assets.nhle.com/mugs/nhl/20232024/NYR/8479991.png,{'default': 'Jake'},{'default': 'Leschyshyn'},15.0,C,L,71,198,180,90,1999-03-10,{'default': 'Raleigh'},USA,"{'default': 'North Carolina', 'fr': 'Caroline du Nord', 'sk': 'Severná Karolína'}"
9,8478550,https://assets.nhle.com/mugs/nhl/20232024/NYR/8478550.png,"{'default': 'Artemi', 'cs': 'Artěmij', 'sk': 'Artemij'}",{'default': 'Panarin'},10.0,L,R,72,175,183,79,1991-10-30,{'default': 'Korkino'},RUS,
10,8475752,https://assets.nhle.com/mugs/nhl/20232024/NYR/8475752.png,{'default': 'Tyler'},{'default': 'Pitlick'},71.0,C,R,74,199,188,90,1991-11-01,{'default': 'Minneapolis'},USA,{'default': 'Minnesota'}
11,8476389,https://assets.nhle.com/mugs/nhl/20232024/NYR/8476389.png,{'default': 'Vincent'},{'default': 'Trocheck'},16.0,C,R,71,187,180,85,1993-07-11,{'default': 'Pittsburgh'},USA,"{'default': 'Pennsylvania', 'fr': 'Pennsylvanie'}"
12,8476918,https://assets.nhle.com/mugs/nhl/20232024/NYR/8476918.png,{'default': 'Jimmy'},{'default': 'Vesey'},26.0,L,L,74,200,188,91,1993-05-26,{'default': 'Boston'},USA,{'default': 'Massachusetts'}
13,8471218,https://assets.nhle.com/mugs/nhl/20232024/NYR/8471218.png,{'default': 'Blake'},{'default': 'Wheeler'},17.0,R,R,77,222,196,101,1986-08-31,{'default': 'Plymouth'},USA,{'default': 'Minnesota'}
14,8476459,https://assets.nhle.com/mugs/nhl/20232024/NYR/8476459.png,{'default': 'Mika'},{'default': 'Zibanejad'},93.0,C,R,74,201,188,91,1993-04-18,"{'default': 'Stockholm', 'fi': 'Tukholma'}",SWE,
0,8480205,https://assets.nhle.com/mugs/nhl/20232024/CBJ/8480205.png,{'default': 'Emil'},"{'default': 'Bemstrom', 'cs': 'Bemström', 'fi': 'Bemström', 'sk': 'Bemström'}",52.0,R,R,72,195,183,88,1999-06-01,"{'default': 'Nykoping', 'fi': 'Nyköping', 'sv': 'Nyköping'}",SWE,
1,8482475,https://assets.nhle.com/mugs/nhl/20232024/CBJ/8482475.png,{'default': 'Yegor'},{'default': 'Chinakhov'},59.0,R,L,73,204,185,93,2001-02-01,{'default': 'Omsk'},RUS,
2,8479941,https://assets.nhle.com/mugs/nhl/20232024/CBJ/8479941.png,{'default': 'Justin'},{'default': 'Danforth'},17.0,R,R,68,188,173,85,1993-03-15,{'default': 'Oshawa'},CAN,{'default': 'Ontario'}
3,8484166,https://assets.nhle.com/mugs/nhl/20232024/CBJ/8484166.png,{'default': 'Adam'},{'default': 'Fantilli'},11.0,C,L,74,194,188,88,2004-10-12,{'default': 'Nobleton'},CAN,{'default': 'Ontario'}
4,8476346,https://assets.nhle.com/mugs/nhl/20232024/CBJ/8476346.png,{'default': 'Johnny'},{'default': 'Gaudreau'},13.0,L,L,69,163,175,74,1993-08-13,{'default': 'Salem'},USA,{'default': 'New Jersey'}
5,8476432,https://assets.nhle.com/mugs/nhl/20232024/CBJ/8476432.png,{'default': 'Boone'},{'default': 'Jenner'},38.0,C,L,74,208,188,94,1993-06-15,{'default': 'Dorchester'},CAN,{'default': 'Ontario'}
6,8482660,https://assets.nhle.com/mugs/nhl/20232024/CBJ/8482660.png,{'default': 'Kent'},{'default': 'Johnson'},91.0,C,L,72,178,183,81,2002-10-18,{'default': 'Port Moody'},CAN,"{'default': 'British Columbia', 'fr': 'Colombie-Britannique', 'sk': 'Britská Kolumbia'}"
7,8476374,https://assets.nhle.com/mugs/nhl/20232024/CBJ/8476374.png,{'default': 'Sean'},{'default': 'Kuraly'},7.0,C,L,74,215,188,98,1993-01-20,{'default': 'Niagara Falls'},USA,{'default': 'New York'}
8,8479339,https://assets.nhle.com/mugs/nhl/20232024/CBJ/8479339.png,{'default': 'Patrik'},{'default': 'Laine'},29.0,L,R,77,215,196,98,1998-04-19,"{'default': 'Tampere', 'sv': 'Tammerfors'}",FIN,
9,8480893,https://assets.nhle.com/mugs/nhl/20232024/CBJ/8480893.png,{'default': 'Kirill'},{'default': 'Marchenko'},86.0,R,R,75,195,191,88,2000-07-21,{'default': 'Barnaul'},RUS,
10,8479671,https://assets.nhle.com/mugs/nhl/20232024/CBJ/8479671.png,{'default': 'Mathieu'},{'default': 'Olivier'},24.0,R,R,73,222,185,101,1997-02-11,{'default': 'Biloxi'},USA,{'default': 'Mississippi'}
11,8478458,https://assets.nhle.com/mugs/nhl/20232024/CBJ/8478458.png,{'default': 'Jack'},{'default': 'Roslovic'},96.0,C,R,73,198,185,90,1997-01-29,{'default': 'Columbus'},USA,{'default': 'Ohio'}
12,8482705,https://assets.nhle.com/mugs/nhl/20232024/CBJ/8482705.png,{'default': 'Cole'},{'default': 'Sillinger'},4.0,C,L,73,199,185,90,2003-05-16,{'default': 'Columbus'},USA,{'default': 'Ohio'}
13,8480074,https://assets.nhle.com/mugs/nhl/20232024/CBJ/8480074.png,{'default': 'Alexandre'},{'default': 'Texier'},42.0,C,L,73,201,185,91,1999-09-13,"{'default': ""Saint-Martin-d'Hères""}",FRA,
14,8481716,https://assets.nhle.com/mugs/nhl/20232024/CBJ/8481716.png,{'default': 'Dmitri'},{'default': 'Voronkov'},10.0,L,L,77,240,196,109,2000-09-10,{'default': 'Angarsk'},RUS,
0,8479315,https://assets.nhle.com/mugs/nhl/20232024/CHI/8479315.png,{'default': 'Joey'},{'default': 'Anderson'},15.0,R,R,72,207,183,94,1998-06-19,{'default': 'Roseville'},USA,{'default': 'Minnesota'}
1,8476960,https://assets.nhle.com/mugs/nhl/20232024/CHI/8476960.png,{'default': 'Andreas'},{'default': 'Athanasiou'},89.0,C,L,74,190,188,86,1994-08-06,{'default': 'Woodbridge'},CAN,{'default': 'Ontario'}
2,8478463,https://assets.nhle.com/mugs/nhl/20232024/CHI/8478463.png,{'default': 'Anthony'},{'default': 'Beauvillier'},91.0,L,L,71,180,180,82,1997-06-08,{'default': 'Sorel-Tracy'},CAN,"{'default': 'Quebec', 'fr': 'Québec'}"
3,8484144,https://assets.nhle.com/mugs/nhl/20232024/CHI/8484144.png,{'default': 'Connor'},{'default': 'Bedard'},98.0,C,R,70,185,178,84,2005-07-17,{'default': 'North Vancouver'},CAN,"{'default': 'British Columbia', 'fr': 'Colombie-Britannique', 'sk': 'Britská Kolumbia'}"
4,8476278,https://assets.nhle.com/mugs/nhl/20232024/CHI/8476278.png,{'default': 'Colin'},{'default': 'Blackwell'},43.0,C,R,69,190,175,86,1993-03-28,{'default': 'North Andover'},USA,{'default': 'Massachusetts'}
5,8477450,https://assets.nhle.com/mugs/nhl/20232024/CHI/8477450.png,{'default': 'Jason'},{'default': 'Dickinson'},16.0,C,L,74,200,188,91,1995-07-04,{'default': 'Georgetown'},CAN,{'default': 'Ontario'}
6,8477987,https://assets.nhle.com/mugs/nhl/20232024/CHI/8477987.png,{'default': 'Ryan'},{'default': 'Donato'},8.0,C,L,72,190,183,86,1996-04-09,{'default': 'Boston'},USA,{'default': 'Massachusetts'}
7,8480025,https://assets.nhle.com/mugs/nhl/20232024/CHI/8480025.png,{'default': 'MacKenzie'},{'default': 'Entwistle'},58.0,R,R,75,205,191,93,1999-07-14,{'default': 'Georgetown'},CAN,{'default': 'Ontario'}
8,8473422,https://assets.nhle.com/mugs/nhl/20232024/CHI/8473422.png,{'default': 'Nick'},{'default': 'Foligno'},17.0,L,L,72,210,183,95,1987-10-31,{'default': 'Buffalo'},USA,{'default': 'New York'}
9,8480252,https://assets.nhle.com/mugs/nhl/20232024/CHI/8480252.png,{'default': 'Cole'},{'default': 'Guttman'},70.0,C,R,69,167,175,76,1999-04-06,{'default': 'Northridge'},USA,"{'default': 'California', 'fr': 'Californie', 'sk': 'Kalifornia', 'sv': 'Kalifornien'}"
10,8475791,https://assets.nhle.com/mugs/nhl/20232024/CHI/8475791.png,{'default': 'Taylor'},{'default': 'Hall'},71.0,L,L,73,210,185,95,1991-11-14,{'default': 'Calgary'},CAN,{'default': 'Alberta'}
11,8481147,https://assets.nhle.com/mugs/nhl/20232024/CHI/8481147.png,{'default': 'Reese'},{'default': 'Johnson'},52.0,C,R,73,193,185,88,1998-07-10,{'default': 'Regina'},CAN,{'default': 'Saskatchewan'}
12,8474870,https://assets.nhle.com/mugs/nhl/20232024/CHI/8474870.png,{'default': 'Tyler'},{'default': 'Johnson'},90.0,C,R,68,185,173,84,1990-07-29,{'default': 'Spokane'},USA,{'default': 'Washington'}
13,8479383,https://assets.nhle.com/mugs/nhl/20232024/CHI/8479383.png,{'default': 'Boris'},{'default': 'Katchouk'},14.0,L,L,74,206,188,93,1998-06-18,{'default': 'Vancouver'},CAN,"{'default': 'British Columbia', 'fr': 'Colombie-Britannique', 'sk': 'Britská Kolumbia'}"
14,8480798,https://assets.nhle.com/mugs/nhl/20232024/CHI/8480798.png,{'default': 'Philipp'},{'default': 'Kurashev'},23.0,C,L,72,190,183,86,1999-10-12,{'default': 'Munsingen'},CHE,
15,8479514,https://assets.nhle.com/mugs/nhl/20232024/CHI/8479514.png,{'default': 'Rem'},{'default': 'Pitlick'},20.0,C,L,71,186,180,84,1997-04-02,{'default': 'Ottawa'},CAN,{'default': 'Ontario'}
16,8479390,https://assets.nhle.com/mugs/nhl/20232024/CHI/8479390.png,{'default': 'Taylor'},{'default': 'Raddysh'},11.0,R,R,75,198,191,90,1998-02-18,{'default': 'Caledon'},CAN,{'default': 'Ontario'}
17,8482117,https://assets.nhle.com/mugs/nhl/20232024/CHI/8482117.png,{'default': 'Lukas'},{'default': 'Reichel'},27.0,L,L,72,170,183,77,2002-05-17,{'default': 'Nürnberg'},DEU,
18,8477482,https://assets.nhle.com/mugs/nhl/20232024/CHI/8477482.png,{'default': 'Zach'},{'default': 'Sanford'},13.0,L,L,76,206,193,93,1994-11-09,{'default': 'Salem'},USA,{'default': 'Massachusetts'}
0,8478891,https://assets.nhle.com/mugs/nhl/20232024/WPG/8478891.png,{'default': 'Mason'},{'default': 'Appleton'},22.0,C,R,74,194,188,88,1996-01-15,{'default': 'Green Bay'},USA,{'default': 'Wisconsin'}
1,8480289,https://assets.nhle.com/mugs/nhl/20232024/WPG/8480289.png,{'default': 'Morgan'},{'default': 'Barron'},36.0,C,L,76,220,193,100,1998-12-02,{'default': 'Halifax'},CAN,"{'default': 'Nova Scotia', 'fr': 'Nouvelle-Écosse'}"
2,8478398,https://assets.nhle.com/mugs/nhl/20232024/WPG/8478398.png,{'default': 'Kyle'},{'default': 'Connor'},81.0,L,L,73,183,185,83,1996-12-09,{'default': 'Shelby Township'},USA,{'default': 'Michigan'}
3,8477940,https://assets.nhle.com/mugs/nhl/20232024/WPG/8477940.png,{'default': 'Nikolaj'},{'default': 'Ehlers'},27.0,L,L,72,172,183,78,1996-02-14,"{'default': 'Aalborg', 'fi': 'Ålborg'}",DNK,
4,8481019,https://assets.nhle.com/mugs/nhl/20232024/WPG/8481019.png,{'default': 'David'},{'default': 'Gustafsson'},19.0,C,L,74,196,188,89,2000-04-11,{'default': 'Tingsryd'},SWE,
5,8480113,https://assets.nhle.com/mugs/nhl/20232024/WPG/8480113.png,{'default': 'Alex'},{'default': 'Iafallo'},9.0,L,L,72,201,183,91,1993-12-21,{'default': 'Eden'},USA,{'default': 'New York'}
6,8479536,https://assets.nhle.com/mugs/nhl/20232024/WPG/8479536.png,{'default': 'Axel'},"{'default': 'Jonsson-Fjallby', 'cs': 'Jonsson-Fjällby', 'sk': 'Jonsson-Fjällby'}",71.0,L,L,73,189,185,86,1998-02-10,"{'default': 'Stockholm', 'fi': 'Tukholma'}",SWE,
7,8480845,https://assets.nhle.com/mugs/nhl/20232024/WPG/8480845.png,{'default': 'Rasmus'},{'default': 'Kupari'},15.0,C,R,74,201,188,91,2000-03-15,{'default': 'Kotka'},FIN,
8,8476392,https://assets.nhle.com/mugs/nhl/20232024/WPG/8476392.png,{'default': 'Adam'},{'default': 'Lowry'},17.0,C,L,77,210,196,95,1993-03-29,"{'default': 'St. Louis', 'cs': 'St. Louis ', 'de': 'St. Louis ', 'fi': 'St. Louis ', 'fr': 'St. Louis ', 'sk': 'St. Louis ', 'sv': 'St. Louis '}",USA,{'default': 'Missouri'}
9,8476480,https://assets.nhle.com/mugs/nhl/20232024/WPG/8476480.png,{'default': 'Vladislav'},"{'default': 'Namestnikov', 'cs': 'Naměstnikov'}",7.0,C,L,72,181,183,82,1992-11-22,"{'default': 'Zhukovskiy', 'cs': 'Žukovskij', 'fi': 'Žukovskij', 'sk': 'Žukovskij'}",RUS,
10,8475799,https://assets.nhle.com/mugs/nhl/20232024/WPG/8475799.png,{'default': 'Nino'},{'default': 'Niederreiter'},62.0,R,L,74,218,188,99,1992-09-08,"{'default': 'Chur', 'fr': 'Coire'}",CHE,
11,8482149,https://assets.nhle.com/mugs/nhl/20232024/WPG/8482149.png,{'default': 'Cole'},{'default': 'Perfetti'},91.0,C,L,71,185,180,84,2002-01-01,{'default': 'Whitby'},CAN,{'default': 'Ontario'}
12,8476460,https://assets.nhle.com/mugs/nhl/20232024/WPG/8476460.png,{'default': 'Mark'},{'default': 'Scheifele'},55.0,C,R,75,207,191,94,1993-03-15,{'default': 'Kitchener'},CAN,{'default': 'Ontario'}
13,8476952,https://assets.nhle.com/mugs/nhl/20232024/WPG/8476952.png,{'default': 'Dominic'},{'default': 'Toninato'},21.0,C,L,74,201,188,91,1994-03-09,{'default': 'Duluth'},USA,{'default': 'Minnesota'}
14,8480014,https://assets.nhle.com/mugs/nhl/20232024/WPG/8480014.png,{'default': 'Gabriel'},{'default': 'Vilardi'},13.0,C,R,75,216,191,98,1999-08-16,{'default': 'Kingston'},CAN,{'default': 'Ontario'}
0,8477015,https://assets.nhle.com/mugs/nhl/20232024/EDM/8477015.png,{'default': 'Connor'},{'default': 'Brown'},28.0,R,R,72,184,183,83,1994-01-14,{'default': 'Toronto'},CAN,{'default': 'Ontario'}
1,8477934,https://assets.nhle.com/mugs/nhl/20232024/EDM/8477934.png,{'default': 'Leon'},{'default': 'Draisaitl'},29.0,C,L,74,209,188,95,1995-10-27,"{'default': 'Cologne', 'cs': 'Kolín nad Rýnem', 'de': 'Köln', 'fi': 'Köln', 'sk': 'Kolín n. R.', 'sv': 'Köln'}",DEU,
2,8477454,https://assets.nhle.com/mugs/nhl/20232024/EDM/8477454.png,{'default': 'Adam'},{'default': 'Erne'},21.0,L,L,73,215,185,98,1995-04-20,{'default': 'New Haven'},USA,{'default': 'Connecticut'}
3,8477998,https://assets.nhle.com/mugs/nhl/20232024/EDM/8477998.png,{'default': 'Warren'},{'default': 'Foegele'},37.0,L,L,74,204,188,93,1996-04-01,{'default': 'Markham'},CAN,{'default': 'Ontario'}
4,8474040,https://assets.nhle.com/mugs/nhl/20232024/EDM/8474040.png,{'default': 'Sam'},{'default': 'Gagner'},89.0,C,R,71,200,180,91,1989-08-10,"{'default': 'London', 'sk': 'Londýn'}",CAN,{'default': 'Ontario'}
5,8482077,https://assets.nhle.com/mugs/nhl/20232024/EDM/8482077.png,{'default': 'Dylan'},{'default': 'Holloway'},55.0,L,L,73,206,185,93,2001-09-23,{'default': 'Calgary'},CAN,{'default': 'Alberta'}
6,8475786,https://assets.nhle.com/mugs/nhl/20232024/EDM/8475786.png,{'default': 'Zach'},{'default': 'Hyman'},18.0,L,R,73,206,185,93,1992-06-09,{'default': 'Toronto'},CAN,{'default': 'Ontario'}
7,8477406,https://assets.nhle.com/mugs/nhl/20232024/EDM/8477406.png,{'default': 'Mattias'},"{'default': 'Janmark', 'sv': 'Janmark-Nylén'}",13.0,C,L,74,205,188,93,1992-12-08,{'default': 'Danderyd'},SWE,
8,8475169,https://assets.nhle.com/mugs/nhl/20232024/EDM/8475169.png,{'default': 'Evander'},{'default': 'Kane'},91.0,L,L,74,218,188,99,1991-08-02,{'default': 'Vancouver'},CAN,"{'default': 'British Columbia', 'fr': 'Colombie-Britannique', 'sk': 'Britská Kolumbia'}"
9,8478402,https://assets.nhle.com/mugs/nhl/20232024/EDM/8478402.png,{'default': 'Connor'},{'default': 'McDavid'},97.0,C,L,73,194,185,88,1997-01-13,{'default': 'Richmond Hill'},CAN,{'default': 'Ontario'}
10,8480802,https://assets.nhle.com/mugs/nhl/20232024/EDM/8480802.png,{'default': 'Ryan'},{'default': 'McLeod'},71.0,C,L,75,188,191,85,1999-09-21,{'default': 'Mississauga'},CAN,{'default': 'Ontario'}
11,8476454,https://assets.nhle.com/mugs/nhl/20232024/EDM/8476454.png,{'default': 'Ryan'},{'default': 'Nugent-Hopkins'},93.0,C,L,73,192,185,87,1993-04-12,{'default': 'Burnaby'},CAN,"{'default': 'British Columbia', 'fr': 'Colombie-Britannique', 'sk': 'Britská Kolumbia'}"
12,8470621,https://assets.nhle.com/mugs/nhl/20232024/EDM/8470621.png,{'default': 'Corey'},{'default': 'Perry'},90.0,R,R,75,208,191,94,1985-05-16,{'default': 'Peterborough'},CAN,{'default': 'Ontario'}
13,8478585,https://assets.nhle.com/mugs/nhl/20232024/EDM/8478585.png,{'default': 'Derek'},{'default': 'Ryan'},10.0,C,R,70,185,178,84,1986-12-29,{'default': 'Spokane'},USA,{'default': 'Washington'}
0,8481543,https://assets.nhle.com/mugs/nhl/20232024/STL/8481543.png,{'default': 'Nikita'},{'default': 'Alexandrov'},59.0,C,L,73,177,185,80,2000-09-16,{'default': 'Burgwedel'},DEU,
1,8478104,https://assets.nhle.com/mugs/nhl/20232024/STL/8478104.png,{'default': 'Sammy'},{'default': 'Blais'},79.0,L,L,74,206,188,93,1996-06-17,{'default': 'Montmagny'},CAN,"{'default': 'Quebec', 'fr': 'Québec'}"
2,8477402,https://assets.nhle.com/mugs/nhl/20232024/STL/8477402.png,{'default': 'Pavel'},"{'default': 'Buchnevich', 'cs': 'Bučněvič', 'fi': 'Butshnevitsh', 'sk': 'Bučněvič'}",89.0,L,L,73,196,185,89,1995-04-17,"{'default': 'Cherepovets', 'cs': 'Čerepovec', 'fi': 'Tšerepovets', 'fr': 'Tcherepovets', 'sk': 'Čerepovec'}",RUS,
3,8478874,https://assets.nhle.com/mugs/nhl/20232024/STL/8478874.png,{'default': 'Adam'},{'default': 'Gaudette'},88.0,C,R,73,194,185,88,1996-10-03,{'default': 'Braintree'},USA,{'default': 'Massachusetts'}
4,8475763,https://assets.nhle.com/mugs/nhl/20232024/STL/8475763.png,{'default': 'Kevin'},{'default': 'Hayes'},12.0,R,L,77,216,196,98,1992-05-08,{'default': 'Dorchester'},USA,{'default': 'Massachusetts'}
5,8477953,https://assets.nhle.com/mugs/nhl/20232024/STL/8477953.png,{'default': 'Kasperi'},{'default': 'Kapanen'},42.0,R,R,73,194,185,88,1996-07-23,{'default': 'Kuopio'},FIN,
6,8479385,https://assets.nhle.com/mugs/nhl/20232024/STL/8479385.png,{'default': 'Jordan'},{'default': 'Kyrou'},25.0,C,R,73,196,185,89,1998-05-05,{'default': 'Toronto'},CAN,{'default': 'Ontario'}
7,8482089,https://assets.nhle.com/mugs/nhl/20232024/STL/8482089.png,{'default': 'Jake'},{'default': 'Neighbours'},63.0,L,L,72,201,183,91,2002-03-29,{'default': 'Calgary'},CAN,{'default': 'Alberta'}
8,8476438,https://assets.nhle.com/mugs/nhl/20232024/STL/8476438.png,{'default': 'Brandon'},{'default': 'Saad'},20.0,L,L,73,215,185,98,1992-10-27,{'default': 'Pittsburgh'},USA,"{'default': 'Pennsylvania', 'fr': 'Pennsylvanie'}"
9,8475170,https://assets.nhle.com/mugs/nhl/20232024/STL/8475170.png,{'default': 'Brayden'},{'default': 'Schenn'},10.0,C,L,73,199,185,90,1991-08-22,{'default': 'Saskatoon'},CAN,{'default': 'Saskatchewan'}
10,8476897,https://assets.nhle.com/mugs/nhl/20232024/STL/8476897.png,{'default': 'Oskar'},{'default': 'Sundqvist'},70.0,C,R,75,220,191,100,1994-03-23,{'default': 'Boden'},SWE,
11,8480023,https://assets.nhle.com/mugs/nhl/20232024/STL/8480023.png,{'default': 'Robert'},{'default': 'Thomas'},18.0,C,R,72,218,183,99,1999-07-02,{'default': 'Aurora'},CAN,{'default': 'Ontario'}
12,8480281,https://assets.nhle.com/mugs/nhl/20232024/STL/8480281.png,"{'default': 'Alexey', 'cs': 'Alexej', 'de': 'Alexei', 'es': 'Alexei', 'fi': 'Alexei', 'sk': 'Alexej', 'sv': 'Alexei'}","{'default': 'Toropchenko', 'cs': 'Toropčenko', 'sk': 'Toropčenko'}",13.0,R,L,78,222,198,101,1999-06-25,"{'default': 'Moscow', 'cs': 'Moskva', 'de': 'Moskau', 'fi': 'Moskova', 'fr': 'Moscou', 'sk': 'Moskva', 'sv': 'Moskva'}",RUS,
13,8477573,https://assets.nhle.com/mugs/nhl/20232024/STL/8477573.png,{'default': 'Nathan'},{'default': 'Walker'},26.0,L,L,69,187,175,85,1994-02-07,{'default': 'Cardiff'},GBR,
0,8477473,https://assets.nhle.com/mugs/nhl/20232024/SJS/8477473.png,{'default': 'Justin'},{'default': 'Bailey'},90.0,R,R,76,214,193,97,1995-07-01,{'default': 'Buffalo'},USA,{'default': 'New York'}
1,8482222,https://assets.nhle.com/mugs/nhl/20232024/SJS/8482222.png,{'default': 'Alexander'},{'default': 'Barabanov'},94.0,L,L,70,195,178,88,1994-06-17,"{'default': 'St. Petersburg', 'cs': 'Petrohrad', 'fi': 'Pietari', 'fr': 'Saint-Pétersbourg', 'sk': 'Petrohrad'}",RUS,
2,8477846,https://assets.nhle.com/mugs/nhl/20232024/SJS/8477846.png,{'default': 'Ryan'},{'default': 'Carpenter'},22.0,C,R,73,198,185,90,1991-01-18,{'default': 'Oviedo'},USA,"{'default': 'Florida', 'fr': 'Floride'}"
3,8474053,https://assets.nhle.com/mugs/nhl/20232024/SJS/8474053.png,{'default': 'Logan'},{'default': 'Couture'},39.0,C,L,73,206,185,93,1989-03-28,{'default': 'Guelph'},CAN,{'default': 'Ontario'}
4,8477407,https://assets.nhle.com/mugs/nhl/20232024/SJS/8477407.png,{'default': 'Anthony'},{'default': 'Duclair'},10.0,L,L,71,197,180,89,1995-08-26,{'default': 'Pointe-Claire'},CAN,"{'default': 'Quebec', 'fr': 'Québec'}"
5,8482667,https://assets.nhle.com/mugs/nhl/20232024/SJS/8482667.png,{'default': 'William'},{'default': 'Eklund'},72.0,L,L,71,181,180,82,2002-10-12,"{'default': 'Stockholm', 'fi': 'Tukholma'}",SWE,
6,8475798,https://assets.nhle.com/mugs/nhl/20232024/SJS/8475798.png,{'default': 'Mikael'},{'default': 'Granlund'},64.0,C,L,70,185,178,84,1992-02-26,"{'default': 'Oulu', 'sv': 'Uleåborg'}",FIN,
7,8476881,https://assets.nhle.com/mugs/nhl/20232024/SJS/8476881.png,"{'default': 'Tomas', 'cs': 'Tomáš', 'sk': 'Tomáš'}",{'default': 'Hertl'},48.0,C,L,75,215,191,98,1993-11-12,{'default': 'Praha'},CZE,
8,8474884,https://assets.nhle.com/mugs/nhl/20232024/SJS/8474884.png,{'default': 'Mike'},{'default': 'Hoffman'},68.0,C,L,72,190,183,86,1989-11-24,{'default': 'Kitchener'},CAN,{'default': 'Ontario'}
9,8479316,https://assets.nhle.com/mugs/nhl/20232024/SJS/8479316.png,{'default': 'Luke'},{'default': 'Kunin'},11.0,C,R,72,197,183,89,1997-12-04,{'default': 'Chesterfield'},USA,{'default': 'Missouri'}
10,8478099,https://assets.nhle.com/mugs/nhl/20232024/SJS/8478099.png,{'default': 'Kevin'},{'default': 'Labanc'},62.0,R,R,71,185,180,84,1995-12-12,{'default': 'Brooklyn'},USA,{'default': 'New York'}
11,8479379,https://assets.nhle.com/mugs/nhl/20232024/SJS/8479379.png,{'default': 'Givani'},{'default': 'Smith'},54.0,R,L,74,214,188,97,1998-02-27,{'default': 'Toronto'},CAN,{'default': 'Ontario'}
12,8481477,https://assets.nhle.com/mugs/nhl/20232024/SJS/8481477.png,{'default': 'Nico'},{'default': 'Sturm'},7.0,C,L,75,209,191,95,1995-05-03,{'default': 'Augsburg'},DEU,
13,8480821,https://assets.nhle.com/mugs/nhl/20232024/SJS/8480821.png,{'default': 'Filip'},{'default': 'Zadina'},18.0,R,L,72,190,183,86,1999-11-27,{'default': 'Pardubice'},CZE,
14,8480188,https://assets.nhle.com/mugs/nhl/20232024/SJS/8480188.png,{'default': 'Fabian'},{'default': 'Zetterlund'},20.0,L,R,71,220,180,100,1999-08-25,{'default': 'Karlstad'},SWE,
0,8482146,https://assets.nhle.com/mugs/nhl/20232024/NSH/8482146.png,{'default': 'Luke'},{'default': 'Evangelista'},77.0,R,R,72,183,183,83,2002-02-21,{'default': 'Toronto'},CAN,{'default': 'Ontario'}
1,8476887,https://assets.nhle.com/mugs/nhl/20232024/NSH/8476887.png,{'default': 'Filip'},{'default': 'Forsberg'},9.0,L,R,73,205,185,93,1994-08-13,"{'default': 'Ostervala', 'fi': 'Östervåla', 'sv': 'Östervåla'}",SWE,
2,8479996,https://assets.nhle.com/mugs/nhl/20232024/NSH/8479996.png,{'default': 'Cody'},{'default': 'Glass'},8.0,C,R,75,206,191,93,1999-04-01,{'default': 'Winnipeg'},CAN,{'default': 'Manitoba'}
3,8478495,https://assets.nhle.com/mugs/nhl/20232024/NSH/8478495.png,{'default': 'Denis'},"{'default': 'Gurianov', 'cs': 'Gurjanov', 'fi': 'Gurjanov', 'sk': 'Gurjanov'}",15.0,R,L,75,205,191,93,1997-06-07,"{'default': 'Togliatti', 'fi': 'Toljatti'}",RUS,
4,8477446,https://assets.nhle.com/mugs/nhl/20232024/NSH/8477446.png,{'default': 'Michael'},{'default': 'McCarron'},47.0,R,R,78,232,198,105,1995-03-07,{'default': 'Grosse Pointe'},USA,{'default': 'Michigan'}
5,8478438,https://assets.nhle.com/mugs/nhl/20232024/NSH/8478438.png,"{'default': 'Tommy', 'cs': 'Thomas', 'de': 'Thomas', 'es': 'Thomas', 'fi': 'Thomas', 'sk': 'Thomas', 'sv': 'Thomas'}",{'default': 'Novak'},82.0,C,L,73,179,185,81,1997-04-28,{'default': 'St. Paul'},USA,{'default': 'Minnesota'}
6,8474679,https://assets.nhle.com/mugs/nhl/20232024/NSH/8474679.png,{'default': 'Gustav'},{'default': 'Nyquist'},14.0,C,L,71,180,180,82,1989-09-01,{'default': 'Halmstad'},SWE,
7,8475158,https://assets.nhle.com/mugs/nhl/20232024/NSH/8475158.png,{'default': 'Ryan'},"{'default': ""O'Reilly""}",90.0,C,L,73,207,185,94,1991-02-07,{'default': 'Clinton'},CAN,{'default': 'Ontario'}
8,8480748,https://assets.nhle.com/mugs/nhl/20232024/NSH/8480748.png,{'default': 'Kiefer'},{'default': 'Sherwood'},44.0,L,R,72,194,183,88,1995-03-31,{'default': 'Columbus'},USA,{'default': 'Ohio'}
9,8476925,https://assets.nhle.com/mugs/nhl/20232024/NSH/8476925.png,{'default': 'Colton'},{'default': 'Sissons'},10.0,C,R,73,200,185,91,1993-11-05,{'default': 'North Vancouver'},CAN,"{'default': 'British Columbia', 'fr': 'Colombie-Britannique', 'sk': 'Britská Kolumbia'}"
10,8482062,https://assets.nhle.com/mugs/nhl/20232024/NSH/8482062.png,{'default': 'Cole'},{'default': 'Smith'},36.0,L,L,75,195,191,88,1995-10-28,"{'default': 'Brainerd', 'fr': ''}",USA,{'default': 'Minnesota'}
11,8481577,https://assets.nhle.com/mugs/nhl/20232024/NSH/8481577.png,{'default': 'Philip'},{'default': 'Tomasino'},26.0,C,R,72,179,183,81,2001-07-28,{'default': 'Mississauga'},CAN,{'default': 'Ontario'}
12,8478508,https://assets.nhle.com/mugs/nhl/20232024/NSH/8478508.png,"{'default': 'Yakov', 'cs': 'Jakov', 'sk': 'Jakov'}",{'default': 'Trenin'},13.0,C,L,74,201,188,91,1997-01-13,"{'default': 'Chelyabinsk', 'cs': 'Čeljabinsk', 'fi': 'Tšeljabinsk', 'sk': 'Čeljabinsk'}",RUS,
0,8477930,https://assets.nhle.com/mugs/nhl/20232024/SEA/8477930.png,{'default': 'Pierre-Edouard'},{'default': 'Bellemare'},41.0,L,L,71,198,180,90,1985-03-06,{'default': 'Le Blanc-Mesnil'},FRA,
1,8482665,https://assets.nhle.com/mugs/nhl/20232024/SEA/8482665.png,{'default': 'Matty'},{'default': 'Beniers'},10.0,C,L,74,178,188,81,2002-11-05,{'default': 'Hingham'},USA,{'default': 'Massachusetts'}
2,8477416,https://assets.nhle.com/mugs/nhl/20232024/SEA/8477416.png,{'default': 'Oliver'},{'default': 'Bjorkstrand'},22.0,R,R,72,175,183,79,1995-04-10,{'default': 'Herning'},DNK,
3,8477444,https://assets.nhle.com/mugs/nhl/20232024/SEA/8477444.png,"{'default': 'Andre', 'cs': 'André', 'sk': 'André'}",{'default': 'Burakovsky'},95.0,L,L,75,209,191,95,1995-02-09,{'default': 'Klagenfurt'},AUT,
4,8474586,https://assets.nhle.com/mugs/nhl/20232024/SEA/8474586.png,{'default': 'Jordan'},{'default': 'Eberle'},7.0,R,R,71,190,180,86,1990-05-15,{'default': 'Regina'},CAN,{'default': 'Saskatchewan'}
5,8476826,https://assets.nhle.com/mugs/nhl/20232024/SEA/8476826.png,{'default': 'Yanni'},{'default': 'Gourde'},37.0,C,L,69,174,175,79,1991-12-15,{'default': 'Saint-Narcisse'},CAN,"{'default': 'Quebec', 'fr': 'Québec'}"
6,8481789,https://assets.nhle.com/mugs/nhl/20232024/SEA/8481789.png,{'default': 'Tye'},{'default': 'Kartye'},52.0,L,L,71,202,180,92,2001-04-30,{'default': 'Kingston'},CAN,{'default': 'Ontario'}
7,8477955,https://assets.nhle.com/mugs/nhl/20232024/SEA/8477955.png,{'default': 'Jared'},{'default': 'McCann'},19.0,L,L,73,191,185,87,1996-05-31,{'default': 'Stratford'},CAN,{'default': 'Ontario'}
8,8475768,https://assets.nhle.com/mugs/nhl/20232024/SEA/8475768.png,{'default': 'Jaden'},{'default': 'Schwartz'},17.0,C,L,70,185,178,84,1992-06-25,{'default': 'Wilcox'},CAN,{'default': 'Saskatchewan'}
9,8476913,https://assets.nhle.com/mugs/nhl/20232024/SEA/8476913.png,{'default': 'Devin'},{'default': 'Shore'},94.0,C,L,73,206,185,93,1994-07-19,{'default': 'Ajax'},CAN,{'default': 'Ontario'}
10,8479293,https://assets.nhle.com/mugs/nhl/20232024/SEA/8479293.png,{'default': 'Brandon'},{'default': 'Tanev'},13.0,L,L,72,189,183,86,1991-12-31,{'default': 'Toronto'},CAN,{'default': 'Ontario'}
11,8475193,https://assets.nhle.com/mugs/nhl/20232024/SEA/8475193.png,"{'default': 'Tomas', 'cs': 'Tomáš', 'sk': 'Tomáš'}",{'default': 'Tatar'},90.0,L,L,70,173,178,78,1990-12-01,"{'default': 'Ilava', 'cs': 'Iľava', 'sk': 'Iľava'}",SVK,
12,8480009,https://assets.nhle.com/mugs/nhl/20232024/SEA/8480009.png,{'default': 'Eeli'},{'default': 'Tolvanen'},20.0,R,L,70,191,178,87,1999-04-22,{'default': 'Vihti'},FIN,
13,8477505,https://assets.nhle.com/mugs/nhl/20232024/SEA/8477505.png,"{'default': 'Alex', 'cs': 'Alexander', 'de': 'Alexander', 'es': 'Alexander', 'fi': 'Alexander', 'sk': 'Alexander', 'sv': 'Alexander'}",{'default': 'Wennberg'},21.0,C,L,74,190,188,86,1994-09-22,"{'default': 'Stockholm', 'fi': 'Tukholma'}",SWE,
14,8479977,https://assets.nhle.com/mugs/nhl/20232024/SEA/8479977.png,{'default': 'Kailer'},{'default': 'Yamamoto'},56.0,R,R,68,153,173,69,1998-09-29,{'default': 'Spokane'},USA,{'default': 'Washington'}
0,8475760,https://assets.nhle.com/mugs/nhl/20232024/ARI/8475760.png,{'default': 'Nick'},{'default': 'Bjugstad'},17.0,C,R,78,209,198,95,1992-07-17,{'default': 'Minneapolis'},USA,{'default': 'Minnesota'}
1,8476329,https://assets.nhle.com/mugs/nhl/20232024/ARI/8476329.png,{'default': 'Travis'},{'default': 'Boyd'},72.0,C,R,72,190,183,86,1993-09-14,{'default': 'Hopkins'},USA,{'default': 'Minnesota'}
2,8479619,https://assets.nhle.com/mugs/nhl/20232024/ARI/8479619.png,{'default': 'Michael'},{'default': 'Carcone'},53.0,L,L,69,170,175,77,1996-05-19,{'default': 'Ajax'},CAN,{'default': 'Ontario'}
3,8483431,https://assets.nhle.com/mugs/nhl/20232024/ARI/8483431.png,{'default': 'Logan'},{'default': 'Cooley'},92.0,C,L,70,174,178,79,2004-05-04,{'default': 'Pittsburgh'},USA,"{'default': 'Pennsylvania', 'fr': 'Pennsylvanie'}"
4,8478474,https://assets.nhle.com/mugs/nhl/20232024/ARI/8478474.png,{'default': 'Lawson'},{'default': 'Crouse'},67.0,L,L,76,215,193,98,1997-06-23,{'default': 'Mt. Brydges'},CAN,{'default': 'Ontario'}
5,8482699,https://assets.nhle.com/mugs/nhl/20232024/ARI/8482699.png,{'default': 'Dylan'},{'default': 'Guenther'},11.0,R,R,74,175,188,79,2003-04-10,{'default': 'Edmonton'},CAN,{'default': 'Alberta'}
6,8480849,https://assets.nhle.com/mugs/nhl/20232024/ARI/8480849.png,{'default': 'Barrett'},{'default': 'Hayton'},29.0,C,L,73,207,185,94,2000-06-09,{'default': 'Peterborough'},CAN,{'default': 'Ontario'}
7,8479343,https://assets.nhle.com/mugs/nhl/20232024/ARI/8479343.png,{'default': 'Clayton'},{'default': 'Keller'},9.0,R,L,70,178,178,81,1998-07-29,{'default': 'Chesterfield'},USA,{'default': 'Missouri'}
8,8477021,https://assets.nhle.com/mugs/nhl/20232024/ARI/8477021.png,"{'default': 'Alex', 'cs': 'Alexander', 'de': 'Alexander', 'es': 'Alexander', 'fi': 'Alexander', 'sk': 'Alexander', 'sv': 'Alexander'}",{'default': 'Kerfoot'},15.0,C,L,71,186,180,84,1994-08-11,{'default': 'Vancouver'},CAN,"{'default': 'British Columbia', 'fr': 'Colombie-Britannique', 'sk': 'Britská Kolumbia'}"
9,8481711,https://assets.nhle.com/mugs/nhl/20232024/ARI/8481711.png,{'default': 'Matias'},{'default': 'Maccelli'},63.0,L,L,71,176,180,80,2000-10-14,"{'default': 'Turku', 'sv': 'Åbo'}",FIN,
10,8480855,https://assets.nhle.com/mugs/nhl/20232024/ARI/8480855.png,{'default': 'Jack'},{'default': 'McBain'},22.0,C,L,75,201,191,91,2000-01-06,{'default': 'Toronto'},CAN,{'default': 'Ontario'}
11,8477070,https://assets.nhle.com/mugs/nhl/20232024/ARI/8477070.png,{'default': 'Liam'},"{'default': ""O'Brien""}",38.0,C,L,73,213,185,97,1994-07-29,{'default': 'Halifax'},CAN,"{'default': 'Nova Scotia', 'fr': 'Nouvelle-Écosse'}"
12,8480008,https://assets.nhle.com/mugs/nhl/20232024/ARI/8480008.png,{'default': 'Adam'},"{'default': 'Ruzicka', 'cs': 'Ružička', 'sk': 'Ružička'}",,C,L,76,215,193,98,1999-05-11,{'default': 'Bratislava'},SVK,
13,8477951,https://assets.nhle.com/mugs/nhl/20232024/ARI/8477951.png,{'default': 'Nick'},{'default': 'Schmaltz'},8.0,C,R,72,181,183,82,1996-02-23,{'default': 'Madison'},USA,{'default': 'Wisconsin'}
14,8475722,https://assets.nhle.com/mugs/nhl/20232024/ARI/8475722.png,{'default': 'Jason'},{'default': 'Zucker'},16.0,L,L,71,192,180,87,1992-01-16,{'default': 'Newport Beach'},USA,"{'default': 'California', 'fr': 'Californie', 'sk': 'Kalifornia', 'sv': 'Kalifornien'}"
0,8478569,https://assets.nhle.com/mugs/nhl/20232024/PIT/8478569.png,{'default': 'Noel'},{'default': 'Acciari'},55.0,C,R,70,209,178,95,1991-12-01,{'default': 'Johnston'},USA,{'default': 'Rhode Island'}
1,8470604,https://assets.nhle.com/mugs/nhl/20232024/PIT/8470604.png,{'default': 'Jeff'},{'default': 'Carter'},77.0,C,R,75,219,191,99,1985-01-01,"{'default': 'London', 'sk': 'Londýn'}",CAN,{'default': 'Ontario'}
2,8471675,https://assets.nhle.com/mugs/nhl/20232024/PIT/8471675.png,{'default': 'Sidney'},{'default': 'Crosby'},87.0,C,L,71,200,180,91,1987-08-07,{'default': 'Cole Harbour'},CAN,"{'default': 'Nova Scotia', 'fr': 'Nouvelle-Écosse'}"
3,8474189,https://assets.nhle.com/mugs/nhl/20232024/PIT/8474189.png,{'default': 'Lars'},{'default': 'Eller'},20.0,C,L,74,205,188,93,1989-05-08,"{'default': 'Rodovre', 'fi': 'Rødovre', 'sv': 'Rödovre'}",DNK,
4,8477404,https://assets.nhle.com/mugs/nhl/20232024/PIT/8477404.png,{'default': 'Jake'},{'default': 'Guentzel'},59.0,L,L,71,180,180,82,1994-10-06,{'default': 'Omaha'},USA,{'default': 'Nebraska'}
5,8478424,https://assets.nhle.com/mugs/nhl/20232024/PIT/8478424.png,{'default': 'Jansen'},{'default': 'Harkins'},43.0,C,L,74,197,188,89,1997-05-23,{'default': 'Cleveland'},USA,{'default': 'Ohio'}
6,8471215,https://assets.nhle.com/mugs/nhl/20232024/PIT/8471215.png,"{'default': 'Evgeni', 'cs': 'Jevgenij', 'fi': 'Jevgeni', 'sk': 'Jevgenij'}",{'default': 'Malkin'},71.0,C,L,75,195,191,88,1986-07-31,{'default': 'Magnitogorsk'},RUS,
7,8476442,https://assets.nhle.com/mugs/nhl/20232024/PIT/8476442.png,{'default': 'Matt'},{'default': 'Nieto'},83.0,L,L,71,187,180,85,1992-11-05,{'default': 'Long Beach'},USA,"{'default': 'California', 'fr': 'Californie', 'sk': 'Kalifornia', 'sv': 'Kalifornien'}"
8,8482055,https://assets.nhle.com/mugs/nhl/20232024/PIT/8482055.png,{'default': 'Drew'},"{'default': ""O'Connor""}",10.0,L,L,75,200,191,91,1998-06-09,{'default': 'Chatham'},USA,{'default': 'New Jersey'}
9,8481703,https://assets.nhle.com/mugs/nhl/20232024/PIT/8481703.png,{'default': 'Valtteri'},{'default': 'Puustinen'},48.0,R,R,69,183,175,83,1999-06-04,{'default': 'Kuopio'},FIN,
10,8476483,https://assets.nhle.com/mugs/nhl/20232024/PIT/8476483.png,{'default': 'Rickard'},{'default': 'Rakell'},67.0,R,R,73,195,185,88,1993-05-05,{'default': 'Sundbyberg'},SWE,
11,8475810,https://assets.nhle.com/mugs/nhl/20232024/PIT/8475810.png,{'default': 'Bryan'},{'default': 'Rust'},17.0,R,R,71,192,180,87,1992-05-11,{'default': 'Pontiac'},USA,{'default': 'Michigan'}
12,8475191,https://assets.nhle.com/mugs/nhl/20232024/PIT/8475191.png,{'default': 'Reilly'},{'default': 'Smith'},19.0,R,L,73,185,185,84,1991-04-01,{'default': 'Mimico'},CAN,{'default': 'Ontario'}
13,8478400,https://assets.nhle.com/mugs/nhl/20232024/PIT/8478400.png,{'default': 'Colin'},{'default': 'White'},36.0,C,R,73,194,185,88,1997-01-30,{'default': 'Boston'},USA,{'default': 'Massachusetts'}
0,8471699,https://assets.nhle.com/mugs/nhl/20232024/COL/8471699.png,{'default': 'Andrew'},{'default': 'Cogliano'},11.0,C,L,70,179,178,81,1987-06-14,{'default': 'Toronto'},CAN,{'default': 'Ontario'}
1,8479525,https://assets.nhle.com/mugs/nhl/20232024/COL/8479525.png,{'default': 'Ross'},{'default': 'Colton'},20.0,C,L,72,194,183,88,1996-09-11,{'default': 'Robbinsville'},USA,{'default': 'New Jersey'}
2,8477494,https://assets.nhle.com/mugs/nhl/20232024/COL/8477494.png,{'default': 'Jonathan'},{'default': 'Drouin'},27.0,L,L,71,198,180,90,1995-03-28,{'default': 'Ste-Agathe'},CAN,"{'default': 'Quebec', 'fr': 'Québec'}"
3,8475793,https://assets.nhle.com/mugs/nhl/20232024/COL/8475793.png,{'default': 'Ryan'},{'default': 'Johansen'},12.0,C,R,75,218,191,99,1992-07-31,{'default': 'Vancouver'},CAN,"{'default': 'British Columbia', 'fr': 'Colombie-Britannique', 'sk': 'Britská Kolumbia'}"
4,8481641,https://assets.nhle.com/mugs/nhl/20232024/COL/8481641.png,{'default': 'Joel'},{'default': 'Kiviranta'},94.0,L,L,71,185,180,84,1996-03-23,"{'default': 'Vantaa', 'sv': 'Vanda'}",FIN,
5,8477476,https://assets.nhle.com/mugs/nhl/20232024/COL/8477476.png,{'default': 'Artturi'},{'default': 'Lehkonen'},62.0,L,L,71,179,180,81,1995-07-04,{'default': 'Piikkio'},FIN,
6,8477492,https://assets.nhle.com/mugs/nhl/20232024/COL/8477492.png,{'default': 'Nathan'},{'default': 'MacKinnon'},29.0,C,R,72,200,183,91,1995-09-01,{'default': 'Halifax'},CAN,"{'default': 'Nova Scotia', 'fr': 'Nouvelle-Écosse'}"
7,8481186,https://assets.nhle.com/mugs/nhl/20232024/COL/8481186.png,{'default': 'Logan'},"{'default': ""O'Connor""}",25.0,R,R,72,175,183,79,1996-08-14,{'default': 'Missouri City'},USA,{'default': 'Texas'}
8,8478028,https://assets.nhle.com/mugs/nhl/20232024/COL/8478028.png,{'default': 'Fredrik'},{'default': 'Olofsson'},22.0,L,L,74,190,188,86,1996-05-27,{'default': 'Helsingborg'},SWE,
9,8478420,https://assets.nhle.com/mugs/nhl/20232024/COL/8478420.png,{'default': 'Mikko'},{'default': 'Rantanen'},96.0,R,L,76,215,193,98,1996-10-29,{'default': 'Nousiainen'},FIN,
10,8477425,https://assets.nhle.com/mugs/nhl/20232024/COL/8477425.png,{'default': 'Miles'},{'default': 'Wood'},28.0,L,L,74,195,188,88,1995-09-13,{'default': 'Buffalo'},USA,{'default': 'New York'}
0,8478427,https://assets.nhle.com/mugs/nhl/20232024/CAR/8478427.png,{'default': 'Sebastian'},{'default': 'Aho'},20.0,C,L,72,176,183,80,1997-07-26,"{'default': 'Rauma', 'sv': 'Raumo'}",FIN,
1,8478047,https://assets.nhle.com/mugs/nhl/20232024/CAR/8478047.png,{'default': 'Michael'},{'default': 'Bunting'},58.0,L,L,72,192,183,87,1995-09-17,{'default': 'Scarborough'},CAN,{'default': 'Ontario'}
2,8480835,https://assets.nhle.com/mugs/nhl/20232024/CAR/8480835.png,{'default': 'Jack'},{'default': 'Drury'},18.0,C,L,71,174,180,79,2000-02-03,{'default': 'New York'},USA,{'default': 'New York'}
3,8475855,https://assets.nhle.com/mugs/nhl/20232024/CAR/8475855.png,{'default': 'Jesper'},"{'default': 'Fast', 'cs': 'Fasth', 'de': 'Fasth', 'fi': 'Fasth', 'sk': 'Fasth', 'sv': 'Fasth'}",71.0,R,R,73,191,185,87,1991-12-02,"{'default': 'Nassjo', 'fi': 'Nässjö', 'sv': 'Nässjö'}",SWE,
4,8482093,https://assets.nhle.com/mugs/nhl/20232024/CAR/8482093.png,{'default': 'Seth'},{'default': 'Jarvis'},24.0,C,R,70,175,178,79,2002-02-01,{'default': 'Winnipeg'},CAN,{'default': 'Manitoba'}
5,8480829,https://assets.nhle.com/mugs/nhl/20232024/CAR/8480829.png,{'default': 'Jesperi'},{'default': 'Kotkaniemi'},82.0,C,L,74,201,188,91,2000-07-06,"{'default': 'Pori', 'sv': 'Björneborg'}",FIN,
6,8477962,https://assets.nhle.com/mugs/nhl/20232024/CAR/8477962.png,{'default': 'Brendan'},{'default': 'Lemieux'},28.0,L,L,73,215,185,98,1996-03-15,{'default': 'Denver'},USA,{'default': 'Colorado'}
7,8476921,https://assets.nhle.com/mugs/nhl/20232024/CAR/8476921.png,{'default': 'Jordan'},{'default': 'Martinook'},48.0,L,L,72,196,183,89,1992-07-25,{'default': 'Brandon'},CAN,{'default': 'Manitoba'}
8,8480039,https://assets.nhle.com/mugs/nhl/20232024/CAR/8480039.png,{'default': 'Martin'},"{'default': 'Necas', 'cs': 'Nečas', 'sk': 'Nečas'}",88.0,C,R,74,189,188,86,1999-01-15,{'default': 'Nove Mesto na Morave'},CZE,
9,8476474,https://assets.nhle.com/mugs/nhl/20232024/CAR/8476474.png,{'default': 'Stefan'},{'default': 'Noesen'},23.0,R,R,73,205,185,93,1993-02-12,{'default': 'Plano'},USA,{'default': 'Texas'}
10,8473533,https://assets.nhle.com/mugs/nhl/20232024/CAR/8473533.png,{'default': 'Jordan'},{'default': 'Staal'},11.0,C,L,76,220,193,100,1988-09-10,{'default': 'Thunder Bay'},CAN,{'default': 'Ontario'}
11,8480830,https://assets.nhle.com/mugs/nhl/20232024/CAR/8480830.png,"{'default': 'Andrei', 'cs': 'Andrej', 'sk': 'Andrej'}","{'default': 'Svechnikov', 'cs': 'Svečnikov', 'fi': 'Svetshnikov', 'sk': 'Svečnikov'}",37.0,R,L,74,195,188,88,2000-03-26,{'default': 'Barnaul'},RUS,
12,8476882,https://assets.nhle.com/mugs/nhl/20232024/CAR/8476882.png,{'default': 'Teuvo'},"{'default': 'Teravainen', 'cs': 'Teräväinen', 'fi': 'Teräväinen', 'sk': 'Teräväinen'}",86.0,L,L,71,191,180,87,1994-09-11,"{'default': 'Helsinki', 'cs': 'Helsinky', 'sv': 'Helsingfors'}",FIN,
0,8479414,https://assets.nhle.com/mugs/nhl/20232024/NJD/8479414.png,{'default': 'Nathan'},{'default': 'Bastian'},14.0,R,R,76,205,193,93,1997-12-06,{'default': 'Kitchener'},CAN,{'default': 'Ontario'}
1,8479407,https://assets.nhle.com/mugs/nhl/20232024/NJD/8479407.png,{'default': 'Jesper'},{'default': 'Bratt'},63.0,L,L,70,175,178,79,1998-07-30,"{'default': 'Stockholm', 'fi': 'Tukholma'}",SWE,
2,8475413,https://assets.nhle.com/mugs/nhl/20232024/NJD/8475413.png,{'default': 'Justin'},{'default': 'Dowling'},37.0,C,L,70,180,178,82,1990-10-01,{'default': 'Calgary'},CAN,{'default': 'Alberta'}
3,8475287,https://assets.nhle.com/mugs/nhl/20232024/NJD/8475287.png,{'default': 'Erik'},{'default': 'Haula'},56.0,L,L,71,191,180,87,1991-03-23,"{'default': 'Pori', 'sv': 'Björneborg'}",FIN,
4,8480002,https://assets.nhle.com/mugs/nhl/20232024/NJD/8480002.png,{'default': 'Nico'},{'default': 'Hischier'},13.0,C,L,73,175,185,79,1999-01-04,{'default': 'Brig'},CHE,
5,8482125,https://assets.nhle.com/mugs/nhl/20232024/NJD/8482125.png,{'default': 'Alexander'},{'default': 'Holtz'},10.0,R,R,72,195,183,88,2002-01-23,"{'default': 'Stockholm', 'fi': 'Tukholma'}",SWE,
6,8481559,https://assets.nhle.com/mugs/nhl/20232024/NJD/8481559.png,{'default': 'Jack'},{'default': 'Hughes'},86.0,C,L,71,175,180,79,2001-05-14,{'default': 'Orlando'},USA,"{'default': 'Florida', 'fr': 'Floride'}"
7,8477508,https://assets.nhle.com/mugs/nhl/20232024/NJD/8477508.png,{'default': 'Curtis'},{'default': 'Lazar'},42.0,C,R,72,203,183,92,1995-02-02,{'default': 'Salmon Arm'},CAN,"{'default': 'British Columbia', 'fr': 'Colombie-Britannique', 'sk': 'Britská Kolumbia'}"
8,8478414,https://assets.nhle.com/mugs/nhl/20232024/NJD/8478414.png,{'default': 'Timo'},{'default': 'Meier'},28.0,R,L,73,220,185,100,1996-10-08,{'default': 'Herisau'},CHE,
9,8482110,https://assets.nhle.com/mugs/nhl/20232024/NJD/8482110.png,{'default': 'Dawson'},{'default': 'Mercer'},91.0,C,R,72,180,183,82,2001-10-27,{'default': 'Carbonear'},CAN,"{'default': 'Newfoundland and Labrador', 'fr': 'Newfoundland et Labrador', 'sk': 'Newfoundland a Labrador', 'sv': 'Newfoundland och Labrador'}"
10,8477931,https://assets.nhle.com/mugs/nhl/20232024/NJD/8477931.png,"{'default': 'Tomas', 'cs': 'Tomáš', 'sk': 'Tomáš'}",{'default': 'Nosek'},92.0,L,L,75,205,191,93,1992-09-01,{'default': 'Pardubice'},CZE,
11,8476292,https://assets.nhle.com/mugs/nhl/20232024/NJD/8476292.png,"{'default': 'Ondrej', 'cs': 'Ondřej', 'sk': 'Ondřej'}","{'default': 'Palat', 'cs': 'Palát', 'sk': 'Palát'}",18.0,L,L,72,194,183,88,1991-03-28,"{'default': 'Frydek-Mistek', 'cs': 'Frýdek-Místek', 'fi': 'Frýdek-Místek', 'sk': 'Frýdek-Místek'}",CZE,
12,8476919,https://assets.nhle.com/mugs/nhl/20232024/NJD/8476919.png,{'default': 'Chris'},{'default': 'Tierney'},11.0,C,L,73,191,185,87,1994-07-01,{'default': 'Keswick'},CAN,{'default': 'Ontario'}
13,8475726,https://assets.nhle.com/mugs/nhl/20232024/NJD/8475726.png,{'default': 'Tyler'},{'default': 'Toffoli'},73.0,C,R,72,203,183,92,1992-04-24,{'default': 'Scarborough'},CAN,{'default': 'Ontario'}
14,8478051,https://assets.nhle.com/mugs/nhl/20232024/NJD/8478051.png,"{'default': 'Max', 'cs': 'Maxwell', 'de': 'Maxwell', 'es': 'Maxwell', 'fi': 'Maxwell', 'sk': 'Maxwell', 'sv': 'Maxwell'}",{'default': 'Willman'},46.0,C,L,72,184,183,83,1995-02-13,{'default': 'Barnstable'},USA,{'default': 'Massachusetts'}
0,8474150,https://assets.nhle.com/mugs/nhl/20232024/CGY/8474150.png,{'default': 'Mikael'},{'default': 'Backlund'},11.0,C,L,72,206,183,93,1989-03-17,"{'default': 'Vasteras', 'fi': 'Västerås', 'sv': 'Västerås'}",SWE,
1,8476399,https://assets.nhle.com/mugs/nhl/20232024/CGY/8476399.png,{'default': 'Blake'},{'default': 'Coleman'},20.0,C,L,71,199,180,90,1991-11-28,{'default': 'Plano'},USA,{'default': 'Texas'}
2,8482679,https://assets.nhle.com/mugs/nhl/20232024/CGY/8482679.png,{'default': 'Matt'},{'default': 'Coronato'},27.0,R,R,70,183,178,83,2002-11-14,{'default': 'Greenlawn'},USA,{'default': 'New York'}
3,8482652,https://assets.nhle.com/mugs/nhl/20232024/CGY/8482652.png,{'default': 'Walker'},{'default': 'Duehr'},71.0,R,R,74,210,188,95,1997-11-23,{'default': 'Sioux Falls'},USA,"{'default': 'South Dakota', 'fr': 'Dakota du Sud', 'sk': 'Južná Dakota'}"
4,8478421,https://assets.nhle.com/mugs/nhl/20232024/CGY/8478421.png,{'default': 'A.J.'},{'default': 'Greer'},18.0,L,L,75,209,191,95,1996-12-14,{'default': 'Joliette'},CAN,"{'default': 'Quebec', 'fr': 'Québec'}"
5,8476456,https://assets.nhle.com/mugs/nhl/20232024/CGY/8476456.png,{'default': 'Jonathan'},{'default': 'Huberdeau'},10.0,C,L,73,200,185,91,1993-06-04,"{'default': 'Saint-Jerome', 'fr': 'Saint-Jérome'}",CAN,"{'default': 'Quebec', 'fr': 'Québec'}"
6,8475172,https://assets.nhle.com/mugs/nhl/20232024/CGY/8475172.png,{'default': 'Nazem'},{'default': 'Kadri'},91.0,C,L,72,185,183,84,1990-10-06,"{'default': 'London', 'sk': 'Londýn'}",CAN,{'default': 'Ontario'}
7,8483609,https://assets.nhle.com/mugs/nhl/20232024/CGY/8483609.png,{'default': 'Adam'},{'default': 'Klapka'},43.0,R,R,80,235,203,107,2000-09-14,{'default': 'Praha'},CZE,
8,8477496,https://assets.nhle.com/mugs/nhl/20232024/CGY/8477496.png,{'default': 'Elias'},{'default': 'Lindholm'},28.0,C,R,73,202,185,92,1994-12-02,{'default': 'Boden'},SWE,
9,8478233,https://assets.nhle.com/mugs/nhl/20232024/CGY/8478233.png,{'default': 'Andrew'},{'default': 'Mangiapane'},88.0,L,L,70,184,178,83,1996-04-04,{'default': 'Toronto'},CAN,{'default': 'Ontario'}
10,8481028,https://assets.nhle.com/mugs/nhl/20232024/CGY/8481028.png,{'default': 'Martin'},"{'default': 'Pospisil', 'cs': 'Pospíšil', 'sk': 'Pospíšil'}",76.0,C,L,74,173,188,78,1999-11-19,{'default': 'Zvolen'},SVK,
11,8481655,https://assets.nhle.com/mugs/nhl/20232024/CGY/8481655.png,{'default': 'Cole'},{'default': 'Schwindt'},79.0,R,R,74,182,188,83,2001-04-25,{'default': 'Kitchener'},CAN,{'default': 'Ontario'}
12,8481068,https://assets.nhle.com/mugs/nhl/20232024/CGY/8481068.png,"{'default': 'Yegor', 'cs': 'Jegor', 'sk': 'Jegor'}","{'default': 'Sharangovich', 'cs': 'Šarangovič', 'sk': 'Šarangovič'}",17.0,C,L,74,196,188,89,1998-06-06,{'default': 'Minsk'},BLR,
13,8482074,https://assets.nhle.com/mugs/nhl/20232024/CGY/8482074.png,{'default': 'Connor'},{'default': 'Zary'},47.0,C,L,72,178,183,81,2001-09-25,{'default': 'Saskatoon'},CAN,{'default': 'Saskatchewan'}
0,8474715,https://assets.nhle.com/mugs/nhl/20232024/PHI/8474715.png,{'default': 'Cam'},{'default': 'Atkinson'},89.0,R,R,68,175,173,79,1989-06-05,{'default': 'Riverside'},USA,{'default': 'Connecticut'}
1,8480220,https://assets.nhle.com/mugs/nhl/20232024/PHI/8480220.png,{'default': 'Noah'},{'default': 'Cates'},27.0,L,L,74,194,188,88,1999-02-05,{'default': 'Stillwater'},USA,{'default': 'Minnesota'}
2,8476461,https://assets.nhle.com/mugs/nhl/20232024/PHI/8476461.png,{'default': 'Sean'},{'default': 'Couturier'},14.0,C,L,76,210,193,95,1992-12-07,{'default': 'Phoenix'},USA,{'default': 'Arizona'}
3,8475235,https://assets.nhle.com/mugs/nhl/20232024/PHI/8475235.png,{'default': 'Nicolas'},{'default': 'Deslauriers'},44.0,L,L,73,218,185,99,1991-02-22,{'default': 'LaSalle'},CAN,"{'default': 'Quebec', 'fr': 'Québec'}"
4,8480797,https://assets.nhle.com/mugs/nhl/20232024/PHI/8480797.png,{'default': 'Joel'},{'default': 'Farabee'},86.0,L,L,72,186,183,84,2000-02-25,{'default': 'Syracuse'},USA,{'default': 'New York'}
5,8482159,https://assets.nhle.com/mugs/nhl/20232024/PHI/8482159.png,{'default': 'Tyson'},{'default': 'Foerster'},71.0,R,R,74,215,188,98,2002-01-18,{'default': 'Alliston'},CAN,{'default': 'Ontario'}
6,8480028,https://assets.nhle.com/mugs/nhl/20232024/PHI/8480028.png,{'default': 'Morgan'},{'default': 'Frost'},48.0,C,L,72,193,183,88,1999-05-14,{'default': 'Aurora'},CAN,{'default': 'Ontario'}
7,8477903,https://assets.nhle.com/mugs/nhl/20232024/PHI/8477903.png,{'default': 'Garnet'},{'default': 'Hathaway'},19.0,R,R,74,212,188,96,1991-11-23,{'default': 'Naples'},USA,"{'default': 'Florida', 'fr': 'Floride'}"
8,8478439,https://assets.nhle.com/mugs/nhl/20232024/PHI/8478439.png,{'default': 'Travis'},{'default': 'Konecny'},11.0,R,R,70,192,178,87,1997-03-11,"{'default': 'London', 'sk': 'Londýn'}",CAN,{'default': 'Ontario'}
9,8476872,https://assets.nhle.com/mugs/nhl/20232024/PHI/8476872.png,{'default': 'Scott'},{'default': 'Laughton'},21.0,C,L,73,191,185,87,1994-05-30,{'default': 'Oakville'},CAN,{'default': 'Ontario'}
10,8480245,https://assets.nhle.com/mugs/nhl/20232024/PHI/8480245.png,{'default': 'Olle'},{'default': 'Lycksell'},62.0,R,L,70,163,178,74,1999-08-24,{'default': 'Oskarshamn'},SWE,
11,8480068,https://assets.nhle.com/mugs/nhl/20232024/PHI/8480068.png,{'default': 'Ryan'},{'default': 'Poehling'},25.0,C,L,74,204,188,93,1999-01-03,{'default': 'Lakeville'},USA,{'default': 'Minnesota'}
12,8480015,https://assets.nhle.com/mugs/nhl/20232024/PHI/8480015.png,{'default': 'Owen'},{'default': 'Tippett'},74.0,R,R,73,210,185,95,1999-02-16,{'default': 'Peterborough'},CAN,{'default': 'Ontario'}
0,8480003,https://assets.nhle.com/mugs/nhl/20232024/BOS/8480003.png,{'default': 'Jesper'},{'default': 'Boqvist'},70.0,C,L,73,184,185,83,1998-10-30,{'default': 'Falun'},SWE,
1,8475745,https://assets.nhle.com/mugs/nhl/20232024/BOS/8475745.png,{'default': 'Charlie'},{'default': 'Coyle'},13.0,C,R,75,218,191,99,1992-03-02,{'default': 'East Weymouth'},USA,{'default': 'Massachusetts'}
2,8478498,https://assets.nhle.com/mugs/nhl/20232024/BOS/8478498.png,{'default': 'Jake'},{'default': 'DeBrusk'},74.0,L,L,73,198,185,90,1996-10-17,{'default': 'Edmonton'},CAN,{'default': 'Alberta'}
3,8479365,https://assets.nhle.com/mugs/nhl/20232024/BOS/8479365.png,{'default': 'Trent'},{'default': 'Frederic'},11.0,C,L,75,220,191,100,1998-02-11,"{'default': 'St. Louis', 'cs': 'St. Louis ', 'de': 'St. Louis ', 'fi': 'St. Louis ', 'fr': 'St. Louis ', 'sk': 'St. Louis ', 'sv': 'St. Louis '}",USA,{'default': 'Missouri'}
4,8479987,https://assets.nhle.com/mugs/nhl/20232024/BOS/8479987.png,{'default': 'Morgan'},{'default': 'Geekie'},39.0,C,R,75,202,191,92,1998-07-20,{'default': 'Strathclair'},CAN,{'default': 'Manitoba'}
5,8478046,https://assets.nhle.com/mugs/nhl/20232024/BOS/8478046.png,{'default': 'Danton'},{'default': 'Heinen'},43.0,C,L,74,195,188,88,1995-07-05,{'default': 'Langley'},CAN,"{'default': 'British Columbia', 'fr': 'Colombie-Britannique', 'sk': 'Britská Kolumbia'}"
6,8480880,https://assets.nhle.com/mugs/nhl/20232024/BOS/8480880.png,{'default': 'Jakub'},{'default': 'Lauko'},94.0,C,L,73,193,185,88,2000-03-28,"{'default': 'Prague', 'cs': 'Praha', 'de': 'Prag', 'fi': 'Praha', 'sk': 'Praha', 'sv': 'Prag'}",CZE,
7,8473473,https://assets.nhle.com/mugs/nhl/20232024/BOS/8473473.png,{'default': 'Milan'},{'default': 'Lucic'},17.0,L,L,75,236,191,107,1988-06-07,{'default': 'Vancouver'},CAN,"{'default': 'British Columbia', 'fr': 'Colombie-Britannique', 'sk': 'Britská Kolumbia'}"
8,8473419,https://assets.nhle.com/mugs/nhl/20232024/BOS/8473419.png,{'default': 'Brad'},{'default': 'Marchand'},63.0,L,L,69,176,175,80,1988-05-11,{'default': 'Halifax'},CAN,"{'default': 'Nova Scotia', 'fr': 'Nouvelle-Écosse'}"
9,8477956,https://assets.nhle.com/mugs/nhl/20232024/BOS/8477956.png,{'default': 'David'},"{'default': 'Pastrnak', 'cs': 'Pastrňák', 'sk': 'Pastrňák'}",88.0,R,R,72,196,183,89,1996-05-25,"{'default': 'Havirov', 'cs': 'Havířov', 'fi': 'Havířov', 'sk': 'Havířov'}",CZE,
10,8483505,https://assets.nhle.com/mugs/nhl/20232024/BOS/8483505.png,{'default': 'Matthew'},{'default': 'Poitras'},51.0,C,R,71,180,180,82,2004-03-10,{'default': 'Ajax'},CAN,{'default': 'Ontario'}
11,8479546,https://assets.nhle.com/mugs/nhl/20232024/BOS/8479546.png,{'default': 'Oskar'},{'default': 'Steen'},62.0,C,R,70,196,178,89,1998-03-09,{'default': 'Karlstad'},SWE,
12,8474037,https://assets.nhle.com/mugs/nhl/20232024/BOS/8474037.png,{'default': 'James'},{'default': 'van Riemsdyk'},21.0,L,L,75,208,191,94,1989-05-04,{'default': 'Middletown'},USA,{'default': 'New Jersey'}
13,8478401,https://assets.nhle.com/mugs/nhl/20232024/BOS/8478401.png,{'default': 'Pavel'},{'default': 'Zacha'},18.0,C,L,76,207,193,94,1997-04-06,{'default': 'Brno'},CZE,
0,8478445,https://assets.nhle.com/mugs/nhl/20232024/NYI/8478445.png,{'default': 'Mathew'},{'default': 'Barzal'},13.0,C,R,73,190,185,86,1997-05-26,{'default': 'Coquitlam'},CAN,"{'default': 'British Columbia', 'fr': 'Colombie-Britannique', 'sk': 'Britská Kolumbia'}"
1,8475231,https://assets.nhle.com/mugs/nhl/20232024/NYI/8475231.png,{'default': 'Casey'},{'default': 'Cizikas'},53.0,C,L,71,194,180,88,1991-02-27,{'default': 'Toronto'},CAN,{'default': 'Ontario'}
2,8473504,https://assets.nhle.com/mugs/nhl/20232024/NYI/8473504.png,{'default': 'Cal'},{'default': 'Clutterbuck'},15.0,R,R,71,215,180,98,1987-11-18,{'default': 'Welland'},CAN,{'default': 'Ontario'}
3,8478115,https://assets.nhle.com/mugs/nhl/20232024/NYI/8478115.png,{'default': 'Pierre'},{'default': 'Engvall'},18.0,L,L,77,215,196,98,1996-05-31,{'default': 'Ljungby'},SWE,
4,8477392,https://assets.nhle.com/mugs/nhl/20232024/NYI/8477392.png,{'default': 'Hudson'},{'default': 'Fasching'},20.0,R,R,75,209,191,95,1995-07-28,{'default': 'Apple Valley'},USA,{'default': 'Minnesota'}
5,8479328,https://assets.nhle.com/mugs/nhl/20232024/NYI/8479328.png,{'default': 'Julien'},{'default': 'Gauthier'},16.0,R,R,76,226,193,103,1997-10-15,{'default': 'Pointe-aux-Trembles'},CAN,"{'default': 'Quebec', 'fr': 'Québec'}"
6,8481601,https://assets.nhle.com/mugs/nhl/20232024/NYI/8481601.png,{'default': 'Simon'},"{'default': 'Holmstrom', 'cs': 'Holmström', 'sk': 'Holmström'}",10.0,R,L,74,215,188,98,2001-05-24,{'default': 'Tranas'},SWE,
7,8477500,https://assets.nhle.com/mugs/nhl/20232024/NYI/8477500.png,{'default': 'Bo'},{'default': 'Horvat'},14.0,C,L,73,213,185,97,1995-04-05,"{'default': 'London', 'sk': 'Londýn'}",CAN,{'default': 'Ontario'}
8,8475314,https://assets.nhle.com/mugs/nhl/20232024/NYI/8475314.png,{'default': 'Anders'},{'default': 'Lee'},27.0,L,L,75,227,191,103,1990-07-03,{'default': 'Edina'},USA,{'default': 'Minnesota'}
9,8481237,https://assets.nhle.com/mugs/nhl/20232024/NYI/8481237.png,{'default': 'Kyle'},{'default': 'MacLean'},32.0,C,L,73,190,185,86,1999-04-29,{'default': 'Livingston'},USA,{'default': 'New Jersey'}
10,8474709,https://assets.nhle.com/mugs/nhl/20232024/NYI/8474709.png,{'default': 'Matt'},{'default': 'Martin'},17.0,L,L,75,215,191,98,1989-05-08,{'default': 'Windsor'},CAN,{'default': 'Ontario'}
11,8475754,https://assets.nhle.com/mugs/nhl/20232024/NYI/8475754.png,{'default': 'Brock'},{'default': 'Nelson'},29.0,C,L,76,210,193,95,1991-10-15,{'default': 'Warroad'},USA,{'default': 'Minnesota'}
12,8476419,https://assets.nhle.com/mugs/nhl/20232024/NYI/8476419.png,{'default': 'Jean-Gabriel'},{'default': 'Pageau'},44.0,C,R,71,185,180,84,1992-11-11,{'default': 'Ottawa'},CAN,{'default': 'Ontario'}
13,8475151,https://assets.nhle.com/mugs/nhl/20232024/NYI/8475151.png,{'default': 'Kyle'},{'default': 'Palmieri'},21.0,C,R,71,196,180,89,1991-02-01,{'default': 'Smithtown'},USA,{'default': 'New York'}
14,8480789,https://assets.nhle.com/mugs/nhl/20232024/NYI/8480789.png,{'default': 'Oliver'},{'default': 'Wahlstrom'},26.0,R,R,74,200,188,91,2000-06-13,{'default': 'Portland'},USA,{'default': 'Maine'}
0,8479994,https://assets.nhle.com/mugs/nhl/20232024/LAK/8479994.png,{'default': 'Jaret'},{'default': 'Anderson-Dolan'},28.0,C,L,71,200,180,91,1999-09-12,{'default': 'Calgary'},CAN,{'default': 'Alberta'}
1,8478042,https://assets.nhle.com/mugs/nhl/20232024/LAK/8478042.png,{'default': 'Viktor'},{'default': 'Arvidsson'},33.0,R,R,70,185,178,84,1993-04-08,"{'default': 'Skelleftea', 'fi': 'Skellefteå', 'sv': 'Skellefteå'}",SWE,
2,8482124,https://assets.nhle.com/mugs/nhl/20232024/LAK/8482124.png,{'default': 'Quinton'},{'default': 'Byfield'},55.0,R,L,77,225,196,102,2002-08-19,{'default': 'Newmarket'},CAN,{'default': 'Ontario'}
3,8476479,https://assets.nhle.com/mugs/nhl/20232024/LAK/8476479.png,{'default': 'Phillip'},{'default': 'Danault'},24.0,C,L,73,200,185,91,1993-02-24,{'default': 'Victoriaville'},CAN,"{'default': 'Quebec', 'fr': 'Québec'}"
4,8479400,https://assets.nhle.com/mugs/nhl/20232024/LAK/8479400.png,{'default': 'Pierre-Luc'},{'default': 'Dubois'},80.0,C,L,76,225,193,102,1998-06-24,{'default': 'Ste-Agathe-des-Monts'},CAN,"{'default': 'Quebec', 'fr': 'Québec'}"
5,8477942,https://assets.nhle.com/mugs/nhl/20232024/LAK/8477942.png,{'default': 'Kevin'},{'default': 'Fiala'},22.0,L,L,72,205,183,93,1996-07-22,{'default': 'St. Gallen'},CHE,
6,8479336,https://assets.nhle.com/mugs/nhl/20232024/LAK/8479336.png,{'default': 'Carl'},"{'default': 'Grundstrom', 'cs': 'Grundström', 'fi': 'Grundström', 'sk': 'Grundström'}",91.0,R,L,72,200,183,91,1997-12-01,"{'default': 'Umea', 'fi': 'Uumaja', 'sv': 'Umeå'}",SWE,
7,8481560,https://assets.nhle.com/mugs/nhl/20232024/LAK/8481560.png,{'default': 'Arthur'},{'default': 'Kaliyev'},34.0,R,L,74,210,188,95,2001-06-26,{'default': 'Tashkent'},UZB,
8,8477960,https://assets.nhle.com/mugs/nhl/20232024/LAK/8477960.png,{'default': 'Adrian'},{'default': 'Kempe'},9.0,R,L,74,200,188,91,1996-09-13,{'default': 'Kramfors'},SWE,
9,8471685,https://assets.nhle.com/mugs/nhl/20232024/LAK/8471685.png,"{'default': 'Anze', 'cs': 'Anže', 'sk': 'Anže'}",{'default': 'Kopitar'},11.0,C,L,75,225,191,102,1987-08-24,{'default': 'Jesenice'},SVN,
10,8482155,https://assets.nhle.com/mugs/nhl/20232024/LAK/8482155.png,{'default': 'Alex'},{'default': 'Laferriere'},78.0,R,R,73,205,185,93,2001-10-28,{'default': 'Chatham'},USA,{'default': 'New Jersey'}
11,8473453,https://assets.nhle.com/mugs/nhl/20232024/LAK/8473453.png,{'default': 'Trevor'},{'default': 'Lewis'},61.0,C,R,73,205,185,93,1987-01-08,{'default': 'Salt Lake City'},USA,{'default': 'Utah'}
12,8481481,https://assets.nhle.com/mugs/nhl/20232024/LAK/8481481.png,{'default': 'Blake'},{'default': 'Lizotte'},46.0,C,L,69,175,175,79,1997-12-13,{'default': 'Lindstrom'},USA,{'default': 'Minnesota'}
13,8479675,https://assets.nhle.com/mugs/nhl/20232024/LAK/8479675.png,{'default': 'Trevor'},{'default': 'Moore'},12.0,L,L,71,195,180,88,1995-03-31,{'default': 'Thousand Oaks'},USA,"{'default': 'California', 'fr': 'Californie', 'sk': 'Kalifornia', 'sv': 'Kalifornien'}"
0,8477493,https://assets.nhle.com/mugs/nhl/20232024/FLA/8477493.png,{'default': 'Aleksander'},{'default': 'Barkov'},16.0,C,L,75,215,191,98,1995-09-02,"{'default': 'Tampere', 'sv': 'Tammerfors'}",FIN,
1,8477935,https://assets.nhle.com/mugs/nhl/20232024/FLA/8477935.png,{'default': 'Sam'},{'default': 'Bennett'},9.0,C,L,73,195,185,88,1996-06-20,{'default': 'Holland Landing'},CAN,{'default': 'Ontario'}
2,8476393,https://assets.nhle.com/mugs/nhl/20232024/FLA/8476393.png,{'default': 'Nick'},{'default': 'Cousins'},21.0,C,L,71,186,180,84,1993-07-20,{'default': 'Belleville'},CAN,{'default': 'Ontario'}
3,8479981,https://assets.nhle.com/mugs/nhl/20232024/FLA/8479981.png,{'default': 'Jonah'},{'default': 'Gadjovich'},12.0,L,L,74,209,188,95,1998-10-12,{'default': 'Whitby'},CAN,{'default': 'Ontario'}
4,8479367,https://assets.nhle.com/mugs/nhl/20232024/FLA/8479367.png,{'default': 'William'},{'default': 'Lockwood'},67.0,R,R,72,178,183,81,1998-06-20,{'default': 'Royal Oak'},USA,{'default': 'Michigan'}
5,8479066,https://assets.nhle.com/mugs/nhl/20232024/FLA/8479066.png,{'default': 'Ryan'},{'default': 'Lomberg'},94.0,L,L,69,184,175,83,1994-12-09,{'default': 'Richmond Hill'},CAN,{'default': 'Ontario'}
6,8478904,https://assets.nhle.com/mugs/nhl/20232024/FLA/8478904.png,{'default': 'Steven'},{'default': 'Lorentz'},18.0,C,L,76,216,193,98,1996-04-13,{'default': 'Kitchener'},CAN,{'default': 'Ontario'}
7,8482113,https://assets.nhle.com/mugs/nhl/20232024/FLA/8482113.png,{'default': 'Anton'},{'default': 'Lundell'},15.0,C,L,73,190,185,86,2001-10-03,"{'default': 'Espoo', 'sv': 'Esbo'}",FIN,
8,8480185,https://assets.nhle.com/mugs/nhl/20232024/FLA/8480185.png,{'default': 'Eetu'},{'default': 'Luostarinen'},27.0,C,L,75,190,191,86,1998-09-02,{'default': 'Siilinjarvi'},FIN,
9,8477933,https://assets.nhle.com/mugs/nhl/20232024/FLA/8477933.png,{'default': 'Sam'},{'default': 'Reinhart'},13.0,C,R,74,193,188,88,1995-11-06,{'default': 'West Vancouver'},CAN,"{'default': 'British Columbia', 'fr': 'Colombie-Britannique', 'sk': 'Britská Kolumbia'}"
10,8478542,https://assets.nhle.com/mugs/nhl/20232024/FLA/8478542.png,{'default': 'Evan'},{'default': 'Rodrigues'},17.0,C,R,71,175,180,79,1993-07-28,{'default': 'Toronto'},CAN,{'default': 'Ontario'}
11,8482713,https://assets.nhle.com/mugs/nhl/20232024/FLA/8482713.png,{'default': 'Mackie'},{'default': 'Samoskevich'},25.0,R,R,71,183,180,83,2002-11-15,{'default': 'Newtown'},USA,{'default': 'Connecticut'}
12,8478831,https://assets.nhle.com/mugs/nhl/20232024/FLA/8478831.png,{'default': 'Kevin'},{'default': 'Stenlund'},82.0,C,R,77,215,196,98,1996-09-20,"{'default': 'Stockholm', 'fi': 'Tukholma'}",SWE,
13,8479314,https://assets.nhle.com/mugs/nhl/20232024/FLA/8479314.png,{'default': 'Matthew'},{'default': 'Tkachuk'},19.0,L,L,74,206,188,93,1997-12-11,{'default': 'Scottsdale'},USA,{'default': 'Arizona'}
14,8477409,https://assets.nhle.com/mugs/nhl/20232024/FLA/8477409.png,{'default': 'Carter'},{'default': 'Verhaeghe'},23.0,C,L,74,180,188,82,1995-08-14,{'default': 'Toronto'},CAN,{'default': 'Ontario'}
0,8477456,https://assets.nhle.com/mugs/nhl/20232024/DET/8477456.png,{'default': 'J.T.'},{'default': 'Compher'},37.0,L,R,72,190,183,86,1995-04-08,{'default': 'Northbrook'},USA,{'default': 'Illinois'}
1,8477429,https://assets.nhle.com/mugs/nhl/20232024/DET/8477429.png,{'default': 'Andrew'},{'default': 'Copp'},18.0,C,L,73,203,185,92,1994-07-08,{'default': 'Ann Arbor'},USA,{'default': 'Michigan'}
2,8479337,https://assets.nhle.com/mugs/nhl/20232024/DET/8479337.png,{'default': 'Alex'},{'default': 'DeBrincat'},93.0,R,R,68,180,173,82,1997-12-18,{'default': 'Farmington Hills'},USA,{'default': 'Michigan'}
3,8477952,https://assets.nhle.com/mugs/nhl/20232024/DET/8477952.png,{'default': 'Robby'},{'default': 'Fabbri'},14.0,C,L,73,185,185,84,1996-01-22,{'default': 'Mississauga'},CAN,{'default': 'Ontario'}
4,8478432,https://assets.nhle.com/mugs/nhl/20232024/DET/8478432.png,{'default': 'Christian'},{'default': 'Fischer'},36.0,R,R,74,212,188,96,1997-04-15,{'default': 'Chicago'},USA,{'default': 'Illinois'}
5,8474141,https://assets.nhle.com/mugs/nhl/20232024/DET/8474141.png,{'default': 'Patrick'},{'default': 'Kane'},88.0,R,L,70,177,178,80,1988-11-19,{'default': 'Buffalo'},USA,{'default': 'New York'}
6,8480011,https://assets.nhle.com/mugs/nhl/20232024/DET/8480011.png,{'default': 'Klim'},{'default': 'Kostin'},24.0,C,L,76,232,193,105,1999-05-05,{'default': 'Penza'},RUS,
7,8477946,https://assets.nhle.com/mugs/nhl/20232024/DET/8477946.png,{'default': 'Dylan'},{'default': 'Larkin'},71.0,C,L,73,199,185,90,1996-07-30,{'default': 'Waterford'},USA,{'default': 'Michigan'}
8,8474102,https://assets.nhle.com/mugs/nhl/20232024/DET/8474102.png,{'default': 'David'},{'default': 'Perron'},57.0,L,R,72,195,183,88,1988-05-28,{'default': 'Sherbrooke'},CAN,"{'default': 'Quebec', 'fr': 'Québec'}"
9,8479992,https://assets.nhle.com/mugs/nhl/20232024/DET/8479992.png,{'default': 'Michael'},{'default': 'Rasmussen'},27.0,C,L,78,220,198,100,1999-04-17,{'default': 'Surrey'},CAN,"{'default': 'British Columbia', 'fr': 'Colombie-Britannique', 'sk': 'Britská Kolumbia'}"
10,8482078,https://assets.nhle.com/mugs/nhl/20232024/DET/8482078.png,{'default': 'Lucas'},{'default': 'Raymond'},23.0,L,R,71,188,180,85,2002-03-28,"{'default': 'Gothenburg', 'cs': 'Göteborg', 'fi': 'Göteborg', 'fr': 'Göteborg', 'sk': 'Göteborg', 'sv': 'Göteborg'}",SWE,
11,8478466,https://assets.nhle.com/mugs/nhl/20232024/DET/8478466.png,{'default': 'Daniel'},{'default': 'Sprong'},17.0,R,R,72,195,183,88,1997-03-17,{'default': 'Amsterdam'},NLD,
12,8480813,https://assets.nhle.com/mugs/nhl/20232024/DET/8480813.png,"{'default': 'Joe', 'cs': 'Joseph', 'de': 'Joseph', 'es': 'Joseph', 'fi': 'Joseph', 'sk': 'Joseph', 'sv': 'Joseph'}",{'default': 'Veleno'},90.0,C,L,73,201,185,91,2000-01-13,{'default': 'Montréal'},CAN,"{'default': 'Quebec', 'fr': 'Québec'}"
0,8479718,https://assets.nhle.com/mugs/nhl/20232024/TBL/8479718.png,{'default': 'Alex'},{'default': 'Barré-Boulet'},12.0,C,L,70,178,178,81,1997-05-21,{'default': 'Montmagny'},CAN,"{'default': 'Quebec', 'fr': 'Québec'}"
1,8482070,https://assets.nhle.com/mugs/nhl/20232024/TBL/8482070.png,{'default': 'Mitchell'},{'default': 'Chaffee'},41.0,R,R,73,192,185,87,1998-01-26,{'default': 'Grand Rapids'},USA,{'default': 'Michigan'}
2,8478519,https://assets.nhle.com/mugs/nhl/20232024/TBL/8478519.png,{'default': 'Anthony'},{'default': 'Cirelli'},71.0,C,L,73,190,185,86,1997-07-15,{'default': 'Etobicoke'},CAN,{'default': 'Ontario'}
3,8479591,https://assets.nhle.com/mugs/nhl/20232024/TBL/8479591.png,{'default': 'Michael'},{'default': 'Eyssimont'},23.0,C,L,72,201,183,91,1996-09-09,{'default': 'Littleton'},USA,{'default': 'Colorado'}
4,8476822,https://assets.nhle.com/mugs/nhl/20232024/TBL/8476822.png,{'default': 'Luke'},{'default': 'Glendening'},11.0,C,R,70,190,178,86,1989-04-28,{'default': 'Grand Rapids'},USA,{'default': 'Michigan'}
5,8479542,https://assets.nhle.com/mugs/nhl/20232024/TBL/8479542.png,{'default': 'Brandon'},{'default': 'Hagel'},38.0,L,L,74,183,188,83,1998-08-27,{'default': 'Saskatoon'},CAN,{'default': 'Saskatchewan'}
6,8479661,https://assets.nhle.com/mugs/nhl/20232024/TBL/8479661.png,{'default': 'Tanner'},{'default': 'Jeannot'},84.0,L,L,74,220,188,100,1997-05-29,{'default': 'Estevan'},CAN,{'default': 'Saskatchewan'}
7,8476453,https://assets.nhle.com/mugs/nhl/20232024/TBL/8476453.png,{'default': 'Nikita'},"{'default': 'Kucherov', 'cs': 'Kučerov', 'fi': 'Kutsherov', 'sk': 'Kučerov'}",86.0,R,L,71,182,180,83,1993-06-17,{'default': 'Maykop'},RUS,
8,8484325,https://assets.nhle.com/mugs/nhl/20232024/TBL/8484325.png,{'default': 'Waltteri'},{'default': 'Merela'},39.0,C,R,75,210,191,95,1998-07-06,{'default': 'Ylojarvi'},FIN,
9,8477353,https://assets.nhle.com/mugs/nhl/20232024/TBL/8477353.png,{'default': 'Tyler'},{'default': 'Motte'},64.0,C,L,70,194,178,88,1995-03-10,{'default': 'St. Clair'},USA,{'default': 'Michigan'}
10,8477426,https://assets.nhle.com/mugs/nhl/20232024/TBL/8477426.png,"{'default': 'Nicholas', 'cs': 'Nick', 'de': 'Nick', 'es': 'Nick', 'fi': 'Nick', 'sk': 'Nick', 'sv': 'Nick'}",{'default': 'Paul'},20.0,L,L,75,229,191,104,1995-03-20,{'default': 'Mississauga'},CAN,{'default': 'Ontario'}
11,8478010,https://assets.nhle.com/mugs/nhl/20232024/TBL/8478010.png,{'default': 'Brayden'},{'default': 'Point'},21.0,C,R,70,178,178,81,1996-03-13,{'default': 'Calgary'},CAN,{'default': 'Alberta'}
12,8477839,https://assets.nhle.com/mugs/nhl/20232024/TBL/8477839.png,{'default': 'Conor'},{'default': 'Sheary'},73.0,L,L,68,179,173,81,1992-06-08,{'default': 'Winchester'},USA,{'default': 'Massachusetts'}
13,8474564,https://assets.nhle.com/mugs/nhl/20232024/TBL/8474564.png,{'default': 'Steven'},{'default': 'Stamkos'},91.0,C,R,73,193,185,88,1990-02-07,{'default': 'Markham'},CAN,{'default': 'Ontario'}
14,8475766,https://assets.nhle.com/mugs/nhl/20232024/TBL/8475766.png,{'default': 'Austin'},{'default': 'Watson'},51.0,L,R,76,238,193,108,1992-01-13,{'default': 'Ann Arbor'},USA,{'default': 'Michigan'}
0,8477979,https://assets.nhle.com/mugs/nhl/20232024/WSH/8477979.png,{'default': 'Nicolas'},{'default': 'Aube-Kubel'},96.0,R,R,72,207,183,94,1996-05-10,{'default': 'Slave Lake'},CAN,{'default': 'Alberta'}
1,8473563,https://assets.nhle.com/mugs/nhl/20232024/WSH/8473563.png,{'default': 'Nicklas'},"{'default': 'Backstrom', 'cs': 'Bäckström', 'fi': 'Bäckström', 'sk': 'Bäckström', 'sv': 'Bäckström'}",19.0,C,L,73,202,185,92,1987-11-23,{'default': 'Gavle'},SWE,
2,8475343,https://assets.nhle.com/mugs/nhl/20232024/WSH/8475343.png,{'default': 'Nic'},{'default': 'Dowd'},26.0,C,R,73,193,185,88,1990-05-27,{'default': 'Huntsville'},USA,{'default': 'Alabama'}
3,8475744,https://assets.nhle.com/mugs/nhl/20232024/WSH/8475744.png,"{'default': 'Evgeny', 'cs': 'Jevgenij', 'fi': 'Jevgeni', 'sk': 'Jevgenij'}","{'default': 'Kuznetsov', 'cs': 'Kuzněcov', 'sk': 'Kuznecov'}",92.0,C,L,74,207,188,94,1992-05-19,"{'default': 'Chelyabinsk', 'cs': 'Čeljabinsk', 'fi': 'Tšeljabinsk', 'sk': 'Čeljabinsk'}",RUS,
4,8479359,https://assets.nhle.com/mugs/nhl/20232024/WSH/8479359.png,{'default': 'Beck'},{'default': 'Malenstyn'},47.0,L,L,75,200,191,91,1998-02-04,{'default': 'Delta'},CAN,"{'default': 'British Columbia', 'fr': 'Colombie-Britannique', 'sk': 'Britská Kolumbia'}"
5,8477511,https://assets.nhle.com/mugs/nhl/20232024/WSH/8477511.png,{'default': 'Anthony'},{'default': 'Mantha'},39.0,R,L,77,234,196,106,1994-09-16,{'default': 'Longueuil'},CAN,"{'default': 'Quebec', 'fr': 'Québec'}"
6,8481580,https://assets.nhle.com/mugs/nhl/20232024/WSH/8481580.png,{'default': 'Connor'},{'default': 'McMichael'},24.0,C,L,72,180,183,82,2001-01-15,{'default': 'Ajax'},CAN,{'default': 'Ontario'}
7,8477947,https://assets.nhle.com/mugs/nhl/20232024/WSH/8477947.png,{'default': 'Sonny'},{'default': 'Milano'},15.0,L,L,72,194,183,88,1996-05-12,{'default': 'Massapequa'},USA,{'default': 'New York'}
8,8471698,https://assets.nhle.com/mugs/nhl/20232024/WSH/8471698.png,{'default': 'T.J.'},{'default': 'Oshie'},77.0,R,R,72,187,183,85,1986-12-23,{'default': 'Everett'},USA,{'default': 'Washington'}
9,8471214,https://assets.nhle.com/mugs/nhl/20232024/WSH/8471214.png,"{'default': 'Alex', 'cs': 'Alexandr', 'fi': 'Aleksandr', 'sk': 'Alexander'}","{'default': 'Ovechkin', 'cs': 'Ovečkin', 'fi': 'Ovetshkin', 'sk': 'Ovečkin'}",8.0,L,R,75,238,191,108,1985-09-17,"{'default': 'Moscow', 'cs': 'Moskva', 'de': 'Moskau', 'fi': 'Moskova', 'fr': 'Moscou', 'sk': 'Moskva', 'sv': 'Moskva'}",RUS,
10,8474157,https://assets.nhle.com/mugs/nhl/20232024/WSH/8474157.png,{'default': 'Max'},{'default': 'Pacioretty'},67.0,L,L,74,217,188,98,1988-11-20,{'default': 'New Canaan'},USA,{'default': 'Connecticut'}
11,8479547,https://assets.nhle.com/mugs/nhl/20232024/WSH/8479547.png,{'default': 'Matthew'},{'default': 'Phillips'},45.0,R,R,68,160,173,73,1998-04-06,{'default': 'Calgary'},CAN,{'default': 'Alberta'}
12,8481656,https://assets.nhle.com/mugs/nhl/20232024/WSH/8481656.png,"{'default': 'Aliaksei', 'cs': 'Alexej', 'de': 'Alexei', 'es': 'Alexei', 'fi': 'Alexei', 'sk': 'Alexej', 'sv': 'Alexei'}",{'default': 'Protas'},21.0,C,L,78,225,198,102,2001-01-06,{'default': 'Vitebsk'},BLR,
13,8478440,https://assets.nhle.com/mugs/nhl/20232024/WSH/8478440.png,{'default': 'Dylan'},{'default': 'Strome'},17.0,C,L,75,200,191,91,1997-03-07,{'default': 'Mississauga'},CAN,{'default': 'Ontario'}
14,8476880,https://assets.nhle.com/mugs/nhl/20232024/WSH/8476880.png,{'default': 'Tom'},{'default': 'Wilson'},43.0,R,R,76,220,193,100,1994-03-29,{'default': 'Toronto'},CAN,{'default': 'Ontario'}
0,8476981,https://assets.nhle.com/mugs/nhl/20232024/MTL/8476981.png,{'default': 'Josh'},{'default': 'Anderson'},17.0,R,R,75,224,191,102,1994-05-07,{'default': 'Burlington'},CAN,{'default': 'Ontario'}
1,8476469,https://assets.nhle.com/mugs/nhl/20232024/MTL/8476469.png,{'default': 'Joel'},{'default': 'Armia'},40.0,R,R,75,216,191,98,1993-05-31,"{'default': 'Pori', 'sv': 'Björneborg'}",FIN,
2,8481540,https://assets.nhle.com/mugs/nhl/20232024/MTL/8481540.png,{'default': 'Cole'},{'default': 'Caufield'},22.0,R,R,68,175,173,79,2001-01-02,{'default': 'Mosinee'},USA,{'default': 'Wisconsin'}
3,8483549,https://assets.nhle.com/mugs/nhl/20232024/MTL/8483549.png,{'default': 'Lucas'},{'default': 'Condotta'},82.0,L,L,73,217,185,98,1997-06-19,{'default': 'Georgetown'},CAN,{'default': 'Ontario'}
4,8481523,https://assets.nhle.com/mugs/nhl/20232024/MTL/8481523.png,{'default': 'Kirby'},{'default': 'Dach'},77.0,C,R,76,217,193,98,2001-01-21,{'default': 'Fort Saskatchewan'},CAN,{'default': 'Alberta'}
5,8477989,https://assets.nhle.com/mugs/nhl/20232024/MTL/8477989.png,{'default': 'Christian'},{'default': 'Dvorak'},28.0,C,L,73,192,185,87,1996-02-02,{'default': 'Palos'},USA,{'default': 'Illinois'}
6,8478133,https://assets.nhle.com/mugs/nhl/20232024/MTL/8478133.png,{'default': 'Jake'},{'default': 'Evans'},71.0,C,R,73,187,185,85,1996-06-02,{'default': 'Toronto'},CAN,{'default': 'Ontario'}
7,8475848,https://assets.nhle.com/mugs/nhl/20232024/MTL/8475848.png,{'default': 'Brendan'},{'default': 'Gallagher'},11.0,R,R,69,183,175,83,1992-05-06,{'default': 'Edmonton'},CAN,{'default': 'Alberta'}
8,8481093,https://assets.nhle.com/mugs/nhl/20232024/MTL/8481093.png,{'default': 'Rafael'},{'default': 'Harvey-Pinard'},49.0,L,L,69,184,175,83,1999-01-06,{'default': 'Saguenay'},CAN,"{'default': 'Quebec', 'fr': 'Québec'}"
9,8477497,https://assets.nhle.com/mugs/nhl/20232024/MTL/8477497.png,{'default': 'Sean'},{'default': 'Monahan'},91.0,C,L,74,202,188,92,1994-10-12,{'default': 'Brampton'},CAN,{'default': 'Ontario'}
10,8481618,https://assets.nhle.com/mugs/nhl/20232024/MTL/8481618.png,{'default': 'Alex'},{'default': 'Newhook'},15.0,C,L,71,199,180,90,2001-01-28,"{'default': ""St. John's""}",CAN,"{'default': 'Newfoundland and Labrador', 'fr': 'Newfoundland et Labrador', 'sk': 'Newfoundland a Labrador', 'sv': 'Newfoundland och Labrador'}"
11,8476871,https://assets.nhle.com/mugs/nhl/20232024/MTL/8476871.png,{'default': 'Tanner'},{'default': 'Pearson'},70.0,L,L,73,207,185,94,1992-08-10,{'default': 'Kitchener'},CAN,{'default': 'Ontario'}
12,8479543,https://assets.nhle.com/mugs/nhl/20232024/MTL/8479543.png,{'default': 'Michael'},{'default': 'Pezzetta'},55.0,L,L,73,217,185,98,1998-03-13,{'default': 'Toronto'},CAN,{'default': 'Ontario'}
13,8483515,https://assets.nhle.com/mugs/nhl/20232024/MTL/8483515.png,{'default': 'Juraj'},"{'default': 'Slafkovsky', 'cs': 'Slafkovský', 'sk': 'Slafkovský'}",20.0,L,L,75,230,191,104,2004-03-30,"{'default': 'Kosice', 'cs': 'Košice', 'fi': 'Košice', 'sk': 'Košice'}",SVK,
14,8480018,https://assets.nhle.com/mugs/nhl/20232024/MTL/8480018.png,{'default': 'Nick'},{'default': 'Suzuki'},14.0,C,R,71,212,180,96,1999-08-10,"{'default': 'London', 'sk': 'Londýn'}",CAN,{'default': 'Ontario'}
15,8481058,https://assets.nhle.com/mugs/nhl/20232024/MTL/8481058.png,{'default': 'Jesse'},{'default': 'Ylönen'},56.0,R,R,73,200,185,91,1999-10-03,{'default': 'Scottsdale'},USA,{'default': 'Arizona'}
0,8481557,https://assets.nhle.com/mugs/nhl/20232024/MIN/8481557.png,{'default': 'Matt'},{'default': 'Boldy'},12.0,L,L,74,201,188,91,2001-04-05,{'default': 'Milford'},USA,{'default': 'Massachusetts'}
1,8480980,https://assets.nhle.com/mugs/nhl/20232024/MIN/8480980.png,{'default': 'Connor'},{'default': 'Dewar'},26.0,C,L,70,183,178,83,1999-06-26,{'default': 'The Pas'},CAN,{'default': 'Manitoba'}
2,8479520,https://assets.nhle.com/mugs/nhl/20232024/MIN/8479520.png,{'default': 'Brandon'},{'default': 'Duhaime'},21.0,R,L,74,200,188,91,1997-05-22,{'default': 'Coral Springs'},USA,"{'default': 'Florida', 'fr': 'Floride'}"
3,8478493,https://assets.nhle.com/mugs/nhl/20232024/MIN/8478493.png,{'default': 'Joel'},{'default': 'Eriksson Ek'},14.0,C,L,75,207,191,94,1997-01-29,{'default': 'Karlstad'},SWE,
4,8475220,https://assets.nhle.com/mugs/nhl/20232024/MIN/8475220.png,{'default': 'Marcus'},{'default': 'Foligno'},17.0,L,L,75,226,191,103,1991-08-10,{'default': 'Buffalo'},USA,{'default': 'New York'}
5,8477919,https://assets.nhle.com/mugs/nhl/20232024/MIN/8477919.png,{'default': 'Frederick'},{'default': 'Gaudreau'},89.0,C,R,72,184,183,83,1993-05-01,{'default': 'Bromont'},CAN,"{'default': 'Quebec', 'fr': 'Québec'}"
6,8477451,https://assets.nhle.com/mugs/nhl/20232024/MIN/8477451.png,{'default': 'Ryan'},{'default': 'Hartman'},38.0,R,R,72,197,183,89,1994-09-20,{'default': 'Hilton Head Island'},USA,"{'default': 'South Carolina', 'fr': 'Caroline du Sud', 'sk': 'Južná Karolína'}"
7,8475149,https://assets.nhle.com/mugs/nhl/20232024/MIN/8475149.png,{'default': 'Marcus'},{'default': 'Johansson'},90.0,C,L,73,203,185,92,1990-10-06,{'default': 'Landskrona'},SWE,
8,8478864,https://assets.nhle.com/mugs/nhl/20232024/MIN/8478864.png,{'default': 'Kirill'},{'default': 'Kaprizov'},97.0,L,L,70,202,178,92,1997-04-26,"{'default': 'Novokuznetsk', 'cs': 'Novokuzněck', 'sk': 'Novokuzněck'}",RUS,
9,8479968,https://assets.nhle.com/mugs/nhl/20232024/MIN/8479968.png,{'default': 'Vinni'},{'default': 'Lettieri'},10.0,C,R,70,184,178,83,1995-02-06,{'default': 'Excelsior'},USA,{'default': 'Minnesota'}
10,8481422,https://assets.nhle.com/mugs/nhl/20232024/MIN/8481422.png,{'default': 'Jacob'},{'default': 'Lucchini'},27.0,C,L,72,180,183,82,1995-05-09,{'default': 'Trail'},CAN,"{'default': 'British Columbia', 'fr': 'Colombie-Britannique', 'sk': 'Britská Kolumbia'}"
11,8474034,https://assets.nhle.com/mugs/nhl/20232024/MIN/8474034.png,{'default': 'Pat'},{'default': 'Maroon'},20.0,L,L,75,234,191,106,1988-04-23,"{'default': 'St. Louis', 'cs': 'St. Louis ', 'de': 'St. Louis ', 'fi': 'St. Louis ', 'fr': 'St. Louis ', 'sk': 'St. Louis ', 'sv': 'St. Louis '}",USA,{'default': 'Missouri'}
12,8482197,https://assets.nhle.com/mugs/nhl/20232024/MIN/8482197.png,{'default': 'Adam'},{'default': 'Raska'},51.0,R,R,70,178,178,81,2001-09-25,"{'default': 'Frydek-Mistek', 'cs': 'Frýdek-Místek', 'fi': 'Frýdek-Místek', 'sk': 'Frýdek-Místek'}",CZE,
13,8482079,https://assets.nhle.com/mugs/nhl/20232024/MIN/8482079.png,{'default': 'Marco'},{'default': 'Rossi'},23.0,C,L,69,182,175,83,2001-09-23,{'default': 'Feldkirch'},AUT,
14,8475692,https://assets.nhle.com/mugs/nhl/20232024/MIN/8475692.png,{'default': 'Mats'},{'default': 'Zuccarello'},36.0,R,L,68,181,173,82,1987-09-01,{'default': 'Oslo'},NOR,
0,8480208,https://assets.nhle.com/mugs/nhl/20232024/OTT/8480208.png,{'default': 'Drake'},{'default': 'Batherson'},19.0,R,R,75,203,191,92,1998-04-27,{'default': 'Fort Wayne'},USA,{'default': 'Indiana'}
1,8478078,https://assets.nhle.com/mugs/nhl/20232024/OTT/8478078.png,{'default': 'Rourke'},{'default': 'Chartier'},49.0,C,L,72,201,183,91,1996-04-03,{'default': 'Saskatoon'},CAN,{'default': 'Saskatchewan'}
2,8473512,https://assets.nhle.com/mugs/nhl/20232024/OTT/8473512.png,{'default': 'Claude'},{'default': 'Giroux'},28.0,R,R,71,188,180,85,1988-01-12,{'default': 'Hearst'},CAN,{'default': 'Ontario'}
3,8482092,https://assets.nhle.com/mugs/nhl/20232024/OTT/8482092.png,{'default': 'Ridly'},{'default': 'Greig'},71.0,C,L,72,184,183,83,2002-08-08,{'default': 'Lethbridge'},CAN,{'default': 'Alberta'}
4,8478472,https://assets.nhle.com/mugs/nhl/20232024/OTT/8478472.png,{'default': 'Mathieu'},{'default': 'Joseph'},21.0,R,L,73,186,185,84,1997-02-09,{'default': 'Laval'},CAN,"{'default': 'Quebec', 'fr': 'Québec'}"
5,8480355,https://assets.nhle.com/mugs/nhl/20232024/OTT/8480355.png,{'default': 'Mark'},{'default': 'Kastelic'},12.0,C,R,76,226,193,103,1999-03-11,{'default': 'Phoenix'},USA,{'default': 'Arizona'}
6,8480448,https://assets.nhle.com/mugs/nhl/20232024/OTT/8480448.png,{'default': 'Parker'},{'default': 'Kelly'},27.0,L,L,73,185,185,84,1999-05-14,{'default': 'Camrose'},CAN,{'default': 'Alberta'}
7,8477330,https://assets.nhle.com/mugs/nhl/20232024/OTT/8477330.png,{'default': 'Dominik'},"{'default': 'Kubalik', 'cs': 'Kubalík', 'sk': 'Kubalík'}",81.0,L,L,74,192,188,87,1995-08-21,"{'default': 'Plzen', 'cs': 'Plzeň', 'de': 'Pilsen', 'fi': 'Plzeň ', 'fr': 'Pilsen', 'sk': 'Plzeň'}",CZE,
8,8479772,https://assets.nhle.com/mugs/nhl/20232024/OTT/8479772.png,{'default': 'Zack'},"{'default': 'MacEwen', 'cs': 'Macewen', 'de': 'Macewen', 'es': 'Macewen', 'fi': 'Macewen', 'sk': 'Macewen', 'sv': 'Macewen'}",17.0,R,R,76,240,193,109,1996-07-08,{'default': 'Charlottetown'},CAN,"{'default': 'Prince Edward Island', 'fr': 'Île du Prince-Édouard ', 'sk': 'Ostrov Princa Edwarda'}"
9,8480064,https://assets.nhle.com/mugs/nhl/20232024/OTT/8480064.png,{'default': 'Josh'},{'default': 'Norris'},9.0,C,L,74,195,188,88,1999-05-05,{'default': 'Oxford'},USA,{'default': 'Michigan'}
10,8481596,https://assets.nhle.com/mugs/nhl/20232024/OTT/8481596.png,{'default': 'Shane'},{'default': 'Pinto'},57.0,C,R,75,201,191,91,2000-11-12,{'default': 'Franklin Square'},USA,{'default': 'New York'}
11,8482116,https://assets.nhle.com/mugs/nhl/20232024/OTT/8482116.png,{'default': 'Tim'},{'default': 'Stützle'},18.0,C,L,72,197,183,89,2002-01-15,{'default': 'Viersen'},DEU,
12,8475765,https://assets.nhle.com/mugs/nhl/20232024/OTT/8475765.png,{'default': 'Vladimir'},{'default': 'Tarasenko'},91.0,R,L,73,219,185,99,1991-12-13,"{'default': 'Yaroslavl', 'cs': 'Jaroslavl', 'fi': 'Jaroslavl', 'sk': 'Jaroslavl'}",RUS,
13,8480801,https://assets.nhle.com/mugs/nhl/20232024/OTT/8480801.png,{'default': 'Brady'},{'default': 'Tkachuk'},7.0,L,L,76,225,193,102,1999-09-16,{'default': 'Scottsdale'},USA,{'default': 'Arizona'}
0,8473994,https://assets.nhle.com/mugs/nhl/20232024/DAL/8473994.png,{'default': 'Jamie'},{'default': 'Benn'},14.0,L,L,74,205,188,93,1989-07-18,{'default': 'Victoria'},CAN,"{'default': 'British Columbia', 'fr': 'Colombie-Britannique', 'sk': 'Britská Kolumbia'}"
1,8474149,https://assets.nhle.com/mugs/nhl/20232024/DAL/8474149.png,"{'default': 'Evgenii', 'cs': 'Jevgenij', 'fi': 'Jevgeni', 'sk': 'Jevgenij'}",{'default': 'Dadonov'},63.0,R,L,72,185,183,84,1989-03-12,"{'default': 'Chelyabinsk', 'cs': 'Čeljabinsk', 'fi': 'Tšeljabinsk', 'sk': 'Čeljabinsk'}",RUS,
2,8480848,https://assets.nhle.com/mugs/nhl/20232024/DAL/8480848.png,{'default': 'Ty'},{'default': 'Dellandrea'},10.0,C,R,74,190,188,86,2000-07-21,{'default': 'Port Perry'},CAN,{'default': 'Ontario'}
3,8475168,https://assets.nhle.com/mugs/nhl/20232024/DAL/8475168.png,{'default': 'Matt'},{'default': 'Duchene'},95.0,C,L,73,210,185,95,1991-01-16,{'default': 'Haliburton'},CAN,{'default': 'Ontario'}
4,8476889,https://assets.nhle.com/mugs/nhl/20232024/DAL/8476889.png,{'default': 'Radek'},{'default': 'Faksa'},12.0,C,L,75,215,191,98,1994-01-09,"{'default': 'Vitkov', 'cs': 'Vítkov', 'fi': 'Vítkov', 'sk': 'Vítkov', 'sv': ''}",CZE,
5,8478449,https://assets.nhle.com/mugs/nhl/20232024/DAL/8478449.png,{'default': 'Roope'},{'default': 'Hintz'},24.0,C,L,75,212,191,96,1996-11-17,{'default': 'Nokia'},FIN,
6,8482740,https://assets.nhle.com/mugs/nhl/20232024/DAL/8482740.png,{'default': 'Wyatt'},{'default': 'Johnston'},53.0,C,R,74,184,188,83,2003-05-14,{'default': 'Toronto'},CAN,{'default': 'Ontario'}
7,8478975,https://assets.nhle.com/mugs/nhl/20232024/DAL/8478975.png,{'default': 'Mason'},{'default': 'Marchment'},27.0,L,L,77,216,196,98,1995-06-18,{'default': 'Uxbridge'},CAN,{'default': 'Ontario'}
8,8470794,https://assets.nhle.com/mugs/nhl/20232024/DAL/8470794.png,{'default': 'Joe'},{'default': 'Pavelski'},16.0,C,R,73,196,185,89,1984-07-11,{'default': 'Plover'},USA,{'default': 'Wisconsin'}
9,8480027,https://assets.nhle.com/mugs/nhl/20232024/DAL/8480027.png,{'default': 'Jason'},{'default': 'Robertson'},21.0,L,L,75,202,191,92,1999-07-22,{'default': 'Arcadia'},USA,"{'default': 'California', 'fr': 'Californie', 'sk': 'Kalifornia', 'sv': 'Kalifornien'}"
10,8475794,https://assets.nhle.com/mugs/nhl/20232024/DAL/8475794.png,{'default': 'Tyler'},{'default': 'Seguin'},91.0,C,R,73,207,185,94,1992-01-31,{'default': 'Brampton'},CAN,{'default': 'Ontario'}
11,8475225,https://assets.nhle.com/mugs/nhl/20232024/DAL/8475225.png,{'default': 'Craig'},{'default': 'Smith'},15.0,C,R,73,203,185,92,1989-09-05,{'default': 'Madison'},USA,{'default': 'Wisconsin'}
12,8479351,https://assets.nhle.com/mugs/nhl/20232024/DAL/8479351.png,{'default': 'Sam'},{'default': 'Steel'},18.0,C,L,72,185,183,84,1998-02-03,{'default': 'Ardrossan'},CAN,{'default': 'Alberta'}
